timestamp,voltage,current,temperature,vibration,label,fault_type
2025-01-01 00:00:00.000000000,234.97,7.1,39.6,1.79,0,none
2025-01-01 00:00:00.099999905,228.62,6.39,43.84,1.77,0,none
2025-01-01 00:00:00.200000048,236.48,5.09,38.66,1.1,0,none
2025-01-01 00:00:00.299999952,245.23,4.03,42.54,1.83,0,none
2025-01-01 00:00:00.400000095,227.66,6.05,29.85,2.37,0,none
2025-01-01 00:00:00.500000000,227.66,5.59,46.71,1.36,0,none
2025-01-01 00:00:00.599999905,245.79,6.34,45.01,2.52,1,cable_cut
2025-01-01 00:00:00.700000048,237.67,5.95,38.46,2.24,0,none
2025-01-01 00:00:00.799999952,225.31,6.57,50.27,1.63,0,none
2025-01-01 00:00:00.900000095,235.43,4.2,52.5,1.93,0,none
2025-01-01 00:00:01.000000000,225.37,6.98,32.14,2.8,0,none
2025-01-01 00:00:01.099999905,225.34,5.3,38.9,2.37,0,none
2025-01-01 00:00:01.200000048,232.42,8.11,38.85,2.0,1,cable_cut
2025-01-01 00:00:01.299999952,210.87,3.97,37.48,1.88,0,none
2025-01-01 00:00:01.400000095,212.75,7.6,51.64,2.04,0,none
2025-01-01 00:00:01.500000000,224.38,5.3,43.45,1.74,0,none
2025-01-01 00:00:01.599999905,219.87,4.02,42.88,0.95,0,none
2025-01-01 00:00:01.700000048,233.14,4.27,28.97,3.02,0,none
2025-01-01 00:00:01.799999952,220.92,4.52,50.08,2.08,0,none
2025-01-01 00:00:01.900000095,215.88,5.64,35.09,2.2,0,none
2025-01-01 00:00:02.000000000,244.66,5.78,45.48,1.97,0,none
2025-01-01 00:00:02.099999905,227.74,4.14,47.22,1.63,0,none
2025-01-01 00:00:02.200000048,230.68,4.96,55.89,1.91,0,none
2025-01-01 00:00:02.299999952,215.75,8.21,34.53,1.2,1,cable_cut
2025-01-01 00:00:02.400000095,224.56,7.59,20.84,3.14,0,none
2025-01-01 00:00:02.500000000,231.11,5.65,46.47,1.38,0,none
2025-01-01 00:00:02.599999905,218.49,5.06,59.4,1.48,0,none
2025-01-01 00:00:02.700000048,233.76,5.18,54.91,1.78,0,none
2025-01-01 00:00:02.799999952,223.99,5.92,46.68,2.64,0,none
2025-01-01 00:00:02.900000095,227.08,3.47,41.07,2.01,0,none
2025-01-01 00:00:03.000000000,223.98,4.61,51.46,1.38,0,none
2025-01-01 00:00:03.099999905,248.52,2.5,37.21,2.63,0,none
2025-01-01 00:00:03.200000048,229.87,5.6,48.81,2.37,0,none
2025-01-01 00:00:03.299999952,219.42,5.97,49.04,2.27,1,cable_cut
2025-01-01 00:00:03.400000095,238.23,4.28,53.48,2.36,0,none
2025-01-01 00:00:03.500000000,217.79,7.36,67.08,3.2,1,cable_cut
2025-01-01 00:00:03.599999905,232.09,3.16,48.14,3.09,0,none
2025-01-01 00:00:03.700000048,210.4,2.8,40.93,1.66,0,none
2025-01-01 00:00:03.799999952,216.72,5.34,44.8,2.81,0,none
2025-01-01 00:00:03.900000095,231.97,6.57,30.85,2.19,0,none
2025-01-01 00:00:04.000000000,237.38,7.53,39.44,2.25,0,none
2025-01-01 00:00:04.099999905,231.71,4.31,41.73,1.15,0,none
2025-01-01 00:00:04.200000048,228.84,6.62,40.81,1.91,0,none
2025-01-01 00:00:04.299999952,226.99,4.94,46.22,1.59,0,none
2025-01-01 00:00:04.400000095,215.21,4.74,38.42,2.41,0,none
2025-01-01 00:00:04.500000000,222.8,6.33,53.97,2.54,0,none
2025-01-01 00:00:04.599999905,225.39,5.98,45.0,0.96,0,none
2025-01-01 00:00:04.700000048,240.57,2.64,44.93,1.99,0,none
2025-01-01 00:00:04.799999952,233.44,7.21,42.38,2.56,0,none
2025-01-01 00:00:04.900000095,212.37,7.07,46.24,1.91,0,none
2025-01-01 00:00:05.000000000,233.24,4.06,51.6,2.36,0,none
2025-01-01 00:00:05.099999905,226.15,5.59,38.06,2.18,0,none
2025-01-01 00:00:05.200000048,223.23,5.74,39.74,2.17,0,none
2025-01-01 00:00:05.299999952,236.12,5.39,42.57,1.86,0,none
2025-01-01 00:00:05.400000095,240.31,4.17,34.23,1.39,0,none
2025-01-01 00:00:05.500000000,239.31,3.99,38.45,1.44,0,none
2025-01-01 00:00:05.599999905,221.61,4.96,41.19,2.35,0,none
2025-01-01 00:00:05.700000048,226.91,6.76,52.0,2.01,0,none
2025-01-01 00:00:05.799999952,233.31,5.82,47.1,1.93,0,none
2025-01-01 00:00:05.900000095,239.76,4.44,46.55,1.79,0,none
2025-01-01 00:00:06.000000000,225.21,6.16,51.81,1.85,0,none
2025-01-01 00:00:06.099999905,228.14,0.73,43.9,2.52,0,none
2025-01-01 00:00:06.200000048,218.94,6.72,48.12,1.83,0,none
2025-01-01 00:00:06.299999952,218.04,2.39,44.17,1.33,0,none
2025-01-01 00:00:06.400000095,238.13,4.46,47.12,2.37,0,none
2025-01-01 00:00:06.500000000,243.56,3.32,40.34,1.9,0,none
2025-01-01 00:00:06.599999905,229.28,3.06,25.49,2.02,0,none
2025-01-01 00:00:06.700000048,240.04,6.74,43.93,2.8,0,none
2025-01-01 00:00:06.799999952,233.62,4.3,56.38,1.99,0,none
2025-01-01 00:00:06.900000095,223.55,5.52,52.41,2.14,0,none
2025-01-01 00:00:07.000000000,233.61,4.93,52.72,1.41,0,none
2025-01-01 00:00:07.099999905,245.38,5.72,54.89,1.89,0,none
2025-01-01 00:00:07.200000048,229.64,5.12,45.71,2.3,0,none
2025-01-01 00:00:07.299999952,245.65,3.08,46.58,1.22,0,none
2025-01-01 00:00:07.400000095,203.8,6.49,40.06,2.1,1,cable_cut
2025-01-01 00:00:07.500000000,238.22,4.26,42.47,2.05,0,none
2025-01-01 00:00:07.599999905,230.87,2.67,49.93,2.02,0,none
2025-01-01 00:00:07.700000048,227.01,4.36,54.63,2.52,0,none
2025-01-01 00:00:07.799999952,230.92,7.25,43.88,2.17,0,none
2025-01-01 00:00:07.900000095,210.12,6.28,41.4,2.74,0,none
2025-01-01 00:00:08.000000000,227.8,4.48,45.0,1.5,0,none
2025-01-01 00:00:08.099999905,233.57,4.48,49.81,2.07,0,none
2025-01-01 00:00:08.200000048,244.78,4.52,33.45,2.04,0,none
2025-01-01 00:00:08.299999952,224.82,8.12,26.63,1.47,1,cable_cut
2025-01-01 00:00:08.400000095,221.92,5.57,40.6,2.48,0,none
2025-01-01 00:00:08.500000000,224.98,5.65,35.23,3.16,0,none
2025-01-01 00:00:08.599999905,239.15,6.55,40.93,1.99,0,none
2025-01-01 00:00:08.700000048,233.29,5.36,43.82,2.25,0,none
2025-01-01 00:00:08.799999952,224.7,4.61,41.37,2.04,0,none
2025-01-01 00:00:08.900000095,235.13,4.71,56.62,1.64,0,none
2025-01-01 00:00:09.000000000,230.97,4.89,47.61,1.09,0,none
2025-01-01 00:00:09.099999905,239.69,4.94,47.4,1.65,0,none
2025-01-01 00:00:09.200000048,222.98,6.09,49.98,1.3,0,none
2025-01-01 00:00:09.299999952,226.72,5.08,35.89,2.85,0,none
2025-01-01 00:00:09.400000095,226.08,6.1,53.31,1.94,0,none
2025-01-01 00:00:09.500000000,215.36,4.88,44.39,1.83,0,none
2025-01-01 00:00:09.599999905,232.96,5.12,50.36,2.44,0,none
2025-01-01 00:00:09.700000048,232.61,2.0,36.43,1.44,0,none
2025-01-01 00:00:09.799999952,230.05,6.37,32.57,1.62,0,none
2025-01-01 00:00:09.900000095,227.65,5.52,51.54,2.03,0,none
2025-01-01 00:00:10.000000000,215.85,6.5,48.01,2.51,0,none
2025-01-01 00:00:10.099999905,225.79,0.66,37.78,2.25,0,none
2025-01-01 00:00:10.200000048,226.57,8.13,38.04,2.12,1,cable_cut
2025-01-01 00:00:10.299999952,221.98,4.79,54.0,2.04,0,none
2025-01-01 00:00:10.400000095,228.39,6.66,35.48,2.2,0,none
2025-01-01 00:00:10.500000000,234.04,3.44,58.14,2.1,0,none
2025-01-01 00:00:10.599999905,248.86,5.92,37.8,1.49,0,none
2025-01-01 00:00:10.700000048,231.75,3.42,50.11,2.02,0,none
2025-01-01 00:00:10.799999952,232.58,4.06,42.37,1.46,0,none
2025-01-01 00:00:10.900000095,229.26,7.87,49.83,2.04,0,none
2025-01-01 00:00:11.000000000,210.81,4.71,40.65,1.76,0,none
2025-01-01 00:00:11.099999905,229.73,5.33,43.7,3.27,0,none
2025-01-01 00:00:11.200000048,230.6,6.31,45.33,1.98,0,none
2025-01-01 00:00:11.299999952,254.63,5.74,36.98,1.3,1,cable_cut
2025-01-01 00:00:11.400000095,228.08,5.23,50.93,1.93,0,none
2025-01-01 00:00:11.500000000,233.02,5.55,40.89,2.26,0,none
2025-01-01 00:00:11.599999905,229.65,8.61,43.17,2.84,1,cable_cut
2025-01-01 00:00:11.700000048,218.31,4.91,37.05,1.71,0,none
2025-01-01 00:00:11.799999952,241.43,5.3,24.5,1.21,0,none
2025-01-01 00:00:11.900000095,237.52,6.58,43.47,2.41,0,none
2025-01-01 00:00:12.000000000,237.91,6.66,64.3,1.31,1,cable_cut
2025-01-01 00:00:12.099999905,220.91,6.78,51.28,1.78,0,none
2025-01-01 00:00:12.200000048,244.03,5.96,44.85,1.87,0,none
2025-01-01 00:00:12.299999952,215.98,3.29,42.9,1.97,0,none
2025-01-01 00:00:12.400000095,235.87,7.45,45.18,2.34,0,none
2025-01-01 00:00:12.500000000,251.9,3.28,49.38,1.66,1,cable_cut
2025-01-01 00:00:12.599999905,220.09,5.45,35.55,1.86,0,none
2025-01-01 00:00:12.700000048,224.34,3.87,53.91,1.99,0,none
2025-01-01 00:00:12.799999952,231.0,4.9,50.72,2.07,0,none
2025-01-01 00:00:12.900000095,224.97,5.49,50.75,2.05,0,none
2025-01-01 00:00:13.000000000,214.49,5.48,48.51,2.22,0,none
2025-01-01 00:00:13.099999905,230.69,5.63,45.16,2.42,0,none
2025-01-01 00:00:13.200000048,219.38,7.42,50.38,2.2,0,none
2025-01-01 00:00:13.299999952,234.74,5.68,49.73,2.23,0,none
2025-01-01 00:00:13.400000095,220.81,4.63,42.17,1.21,0,none
2025-01-01 00:00:13.500000000,245.5,6.45,40.41,2.03,0,none
2025-01-01 00:00:13.599999905,222.17,6.78,45.81,2.24,0,none
2025-01-01 00:00:13.700000048,226.78,3.16,57.39,2.36,0,none
2025-01-01 00:00:13.799999952,238.14,5.9,35.09,1.65,0,none
2025-01-01 00:00:13.900000095,217.69,6.05,33.26,1.67,0,none
2025-01-01 00:00:14.000000000,232.27,4.55,46.32,1.71,0,none
2025-01-01 00:00:14.099999905,243.07,7.06,45.41,2.27,0,none
2025-01-01 00:00:14.200000048,213.93,4.77,46.39,2.52,0,none
2025-01-01 00:00:14.299999952,231.85,5.19,46.95,1.8,0,none
2025-01-01 00:00:14.400000095,232.6,4.74,43.21,2.45,0,none
2025-01-01 00:00:14.500000000,237.82,5.02,56.92,2.06,1,cable_cut
2025-01-01 00:00:14.599999905,217.63,3.36,32.19,1.94,0,none
2025-01-01 00:00:14.700000048,216.8,2.84,38.37,1.89,0,none
2025-01-01 00:00:14.799999952,235.22,7.39,44.17,2.37,0,none
2025-01-01 00:00:14.900000095,232.97,3.73,31.85,2.16,0,none
2025-01-01 00:00:15.000000000,232.5,3.51,43.59,3.14,0,none
2025-01-01 00:00:15.099999905,233.46,1.77,58.29,1.57,0,none
2025-01-01 00:00:15.200000048,223.2,4.04,45.17,2.26,0,none
2025-01-01 00:00:15.299999952,232.32,3.02,46.85,1.74,0,none
2025-01-01 00:00:15.400000095,232.93,7.46,34.92,1.57,0,none
2025-01-01 00:00:15.500000000,222.86,6.51,40.07,1.99,0,none
2025-01-01 00:00:15.599999905,248.66,3.97,42.0,2.07,0,none
2025-01-01 00:00:15.700000048,234.74,8.38,42.46,3.46,1,cable_cut
2025-01-01 00:00:15.799999952,218.09,6.47,55.25,1.91,0,none
2025-01-01 00:00:15.900000095,236.57,4.51,49.46,1.43,0,none
2025-01-01 00:00:16.000000000,220.25,1.25,36.11,2.14,0,none
2025-01-01 00:00:16.099999905,237.87,8.44,46.97,0.96,1,cable_cut
2025-01-01 00:00:16.200000048,241.59,2.92,48.99,1.95,0,none
2025-01-01 00:00:16.299999952,221.79,2.53,54.12,2.01,0,none
2025-01-01 00:00:16.400000095,239.63,6.53,57.64,2.4,0,none
2025-01-01 00:00:16.500000000,234.13,8.66,36.88,2.49,1,cable_cut
2025-01-01 00:00:16.599999905,238.22,7.08,38.51,1.75,0,none
2025-01-01 00:00:16.700000048,248.97,5.85,34.94,1.92,0,none
2025-01-01 00:00:16.799999952,227.55,5.89,43.13,1.62,0,none
2025-01-01 00:00:16.900000095,222.46,6.28,48.73,1.44,0,none
2025-01-01 00:00:17.000000000,221.1,6.14,52.9,2.15,0,none
2025-01-01 00:00:17.099999905,221.84,5.42,44.39,1.36,0,none
2025-01-01 00:00:17.200000048,229.23,5.16,42.44,1.79,0,none
2025-01-01 00:00:17.299999952,233.41,4.91,46.21,1.5,0,none
2025-01-01 00:00:17.400000095,232.77,3.87,38.32,2.27,0,none
2025-01-01 00:00:17.500000000,238.27,4.58,61.72,2.9,1,cable_cut
2025-01-01 00:00:17.599999905,230.13,2.46,32.14,1.35,0,none
2025-01-01 00:00:17.700000048,244.54,4.85,46.48,1.07,0,none
2025-01-01 00:00:17.799999952,227.35,3.52,61.19,1.94,1,cable_cut
2025-01-01 00:00:17.900000095,257.2,3.34,45.05,2.01,1,cable_cut
2025-01-01 00:00:18.000000000,236.26,5.27,43.48,2.11,0,none
2025-01-01 00:00:18.099999905,221.43,7.09,42.14,1.78,0,none
2025-01-01 00:00:18.200000048,219.29,6.38,43.56,1.9,0,none
2025-01-01 00:00:18.299999952,234.82,2.64,55.98,2.18,0,none
2025-01-01 00:00:18.400000095,227.77,3.52,27.31,2.52,0,none
2025-01-01 00:00:18.500000000,237.14,6.41,57.27,1.02,0,none
2025-01-01 00:00:18.599999905,234.73,3.53,33.61,1.82,0,none
2025-01-01 00:00:18.700000048,229.27,4.66,42.87,2.11,0,none
2025-01-01 00:00:18.799999952,221.53,5.83,41.57,1.54,0,none
2025-01-01 00:00:18.900000095,214.85,3.55,49.71,2.87,0,none
2025-01-01 00:00:19.000000000,225.53,5.16,32.22,1.68,0,none
2025-01-01 00:00:19.099999905,238.56,3.0,48.7,1.98,0,none
2025-01-01 00:00:19.200000048,232.14,4.1,61.19,2.28,1,cable_cut
2025-01-01 00:00:19.299999952,217.54,5.48,34.09,1.7,1,cable_cut
2025-01-01 00:00:19.400000095,231.73,2.61,46.52,1.08,1,cable_cut
2025-01-01 00:00:19.500000000,233.85,5.66,39.7,1.79,0,none
2025-01-01 00:00:19.599999905,221.16,4.97,48.41,2.51,0,none
2025-01-01 00:00:19.700000048,231.54,5.83,45.15,1.83,0,none
2025-01-01 00:00:19.799999952,230.58,5.34,39.87,1.58,1,cable_cut
2025-01-01 00:00:19.900000095,218.57,7.05,48.9,2.46,0,none
2025-01-01 00:00:20.000000000,233.58,5.19,59.43,1.83,0,none
2025-01-01 00:00:20.099999905,235.61,4.36,43.47,1.74,0,none
2025-01-01 00:00:20.200000048,240.83,5.18,50.76,2.07,0,none
2025-01-01 00:00:20.299999952,240.54,5.81,34.65,2.39,0,none
2025-01-01 00:00:20.400000095,216.22,5.07,37.35,3.19,0,none
2025-01-01 00:00:20.500000000,220.62,5.06,48.78,2.41,0,none
2025-01-01 00:00:20.599999905,235.15,3.95,56.87,2.58,0,none
2025-01-01 00:00:20.700000048,235.14,4.01,47.84,1.75,1,cable_cut
2025-01-01 00:00:20.799999952,235.15,2.9,42.5,1.49,0,none
2025-01-01 00:00:20.900000095,268.53,7.62,44.99,2.03,1,cable_cut
2025-01-01 00:00:21.000000000,235.71,3.13,35.0,2.05,0,none
2025-01-01 00:00:21.099999905,241.36,3.96,49.84,1.46,0,none
2025-01-01 00:00:21.200000048,239.54,3.92,52.06,1.91,0,none
2025-01-01 00:00:21.299999952,236.51,6.34,41.38,2.2,0,none
2025-01-01 00:00:21.400000095,226.85,4.56,41.24,2.18,0,none
2025-01-01 00:00:21.500000000,237.59,6.87,47.13,2.25,0,none
2025-01-01 00:00:21.599999905,222.27,3.99,41.51,2.15,0,none
2025-01-01 00:00:21.700000048,227.63,5.42,44.47,1.75,0,none
2025-01-01 00:00:21.799999952,225.15,3.75,61.8,1.74,1,cable_cut
2025-01-01 00:00:21.900000095,230.82,8.22,43.02,1.4,1,cable_cut
2025-01-01 00:00:22.000000000,253.15,3.22,42.13,2.89,1,cable_cut
2025-01-01 00:00:22.099999905,211.33,5.46,39.82,2.01,0,none
2025-01-01 00:00:22.200000048,236.86,5.95,50.95,1.89,0,none
2025-01-01 00:00:22.299999952,213.87,5.62,43.55,1.54,0,none
2025-01-01 00:00:22.400000095,225.28,4.72,39.81,3.47,0,none
2025-01-01 00:00:22.500000000,240.89,4.81,55.57,1.46,0,none
2025-01-01 00:00:22.599999905,230.64,5.07,56.36,1.79,0,none
2025-01-01 00:00:22.700000048,219.22,4.78,40.2,2.21,0,none
2025-01-01 00:00:22.799999952,222.85,6.45,30.07,2.3,0,none
2025-01-01 00:00:22.900000095,236.8,8.32,53.06,2.48,1,cable_cut
2025-01-01 00:00:23.000000000,222.7,4.16,39.52,2.9,0,none
2025-01-01 00:00:23.099999905,232.16,2.95,51.33,2.25,0,none
2025-01-01 00:00:23.200000048,230.46,4.87,29.24,1.47,0,none
2025-01-01 00:00:23.299999952,223.48,8.87,52.14,1.87,1,cable_cut
2025-01-01 00:00:23.400000095,251.44,3.79,35.31,2.15,1,cable_cut
2025-01-01 00:00:23.500000000,236.34,7.46,50.85,3.03,0,none
2025-01-01 00:00:23.599999905,209.75,7.52,45.11,1.3,1,cable_cut
2025-01-01 00:00:23.700000048,231.86,4.17,37.37,2.6,0,none
2025-01-01 00:00:23.799999952,223.38,5.85,41.74,2.09,0,none
2025-01-01 00:00:23.900000095,238.52,7.44,50.49,2.42,0,none
2025-01-01 00:00:24.000000000,222.07,4.43,45.85,1.95,0,none
2025-01-01 00:00:24.099999905,228.85,4.69,49.68,1.58,0,none
2025-01-01 00:00:24.200000048,235.05,4.13,60.81,2.38,1,cable_cut
2025-01-01 00:00:24.299999952,238.66,3.48,32.49,2.33,0,none
2025-01-01 00:00:24.400000095,218.0,4.03,57.94,2.49,0,none
2025-01-01 00:00:24.500000000,226.65,3.16,45.83,1.99,0,none
2025-01-01 00:00:24.599999905,225.25,5.05,37.81,1.7,0,none
2025-01-01 00:00:24.700000048,223.47,3.85,34.36,1.22,0,none
2025-01-01 00:00:24.799999952,247.65,5.35,43.49,2.41,0,none
2025-01-01 00:00:24.900000095,234.05,2.67,52.37,2.21,0,none
2025-01-01 00:00:25.000000000,217.39,5.5,43.98,1.52,0,none
2025-01-01 00:00:25.099999905,239.18,6.25,57.09,1.73,0,none
2025-01-01 00:00:25.200000048,251.22,2.01,33.39,1.77,1,cable_cut
2025-01-01 00:00:25.299999952,240.32,5.56,44.9,1.26,0,none
2025-01-01 00:00:25.400000095,214.81,6.84,34.98,1.59,0,none
2025-01-01 00:00:25.500000000,225.16,3.19,47.91,1.43,0,none
2025-01-01 00:00:25.599999905,242.67,7.51,52.1,1.79,0,none
2025-01-01 00:00:25.700000048,222.92,5.63,41.63,1.63,0,none
2025-01-01 00:00:25.799999952,234.44,3.94,24.17,1.19,0,none
2025-01-01 00:00:25.900000095,237.75,4.92,46.59,3.01,0,none
2025-01-01 00:00:26.000000000,220.73,5.84,48.49,2.63,0,none
2025-01-01 00:00:26.099999905,229.4,5.11,48.23,1.61,0,none
2025-01-01 00:00:26.200000048,197.59,5.81,54.89,2.14,1,cable_cut
2025-01-01 00:00:26.299999952,219.76,3.62,36.43,2.21,0,none
2025-01-01 00:00:26.400000095,227.47,5.25,50.44,2.6,0,none
2025-01-01 00:00:26.500000000,217.52,2.88,54.54,1.59,0,none
2025-01-01 00:00:26.599999905,246.32,4.83,30.77,2.55,0,none
2025-01-01 00:00:26.700000048,215.7,3.64,47.56,1.73,0,none
2025-01-01 00:00:26.799999952,225.6,3.9,40.97,1.33,0,none
2025-01-01 00:00:26.900000095,231.31,6.85,44.35,2.36,0,none
2025-01-01 00:00:27.000000000,244.41,6.64,47.78,2.65,0,none
2025-01-01 00:00:27.099999905,215.64,5.91,41.1,3.29,0,none
2025-01-01 00:00:27.200000048,241.63,3.36,39.59,1.4,0,none
2025-01-01 00:00:27.299999952,230.1,4.53,45.27,2.35,0,none
2025-01-01 00:00:27.400000095,220.18,6.82,36.3,1.8,0,none
2025-01-01 00:00:27.500000000,234.62,5.21,36.31,2.39,0,none
2025-01-01 00:00:27.599999905,231.99,8.48,50.43,1.26,1,cable_cut
2025-01-01 00:00:27.700000048,224.0,5.59,35.81,1.37,0,none
2025-01-01 00:00:27.799999952,230.7,5.29,50.33,1.61,0,none
2025-01-01 00:00:27.900000095,226.15,4.54,48.7,2.04,0,none
2025-01-01 00:00:28.000000000,231.14,5.2,31.19,1.68,0,none
2025-01-01 00:00:28.099999905,236.62,4.77,39.58,2.33,0,none
2025-01-01 00:00:28.200000048,245.86,6.06,54.55,2.51,0,none
2025-01-01 00:00:28.299999952,217.62,6.44,37.15,2.3,0,none
2025-01-01 00:00:28.400000095,251.33,3.82,41.28,2.81,1,cable_cut
2025-01-01 00:00:28.500000000,210.48,3.0,48.7,2.21,0,none
2025-01-01 00:00:28.599999905,228.48,2.25,51.27,1.39,0,none
2025-01-01 00:00:28.700000048,235.88,5.76,42.99,2.68,0,none
2025-01-01 00:00:28.799999952,232.81,3.34,40.22,1.7,0,none
2025-01-01 00:00:28.900000095,223.77,1.77,56.38,2.46,0,none
2025-01-01 00:00:29.000000000,227.92,5.58,58.91,2.79,0,none
2025-01-01 00:00:29.099999905,225.07,8.74,52.83,2.23,1,cable_cut
2025-01-01 00:00:29.200000048,224.11,4.99,45.68,1.25,0,none
2025-01-01 00:00:29.299999952,238.5,6.26,38.53,1.54,0,none
2025-01-01 00:00:29.400000095,233.57,5.12,38.36,2.66,0,none
2025-01-01 00:00:29.500000000,223.07,4.85,49.18,1.92,0,none
2025-01-01 00:00:29.599999905,239.0,6.38,48.35,2.04,0,none
2025-01-01 00:00:29.700000048,233.07,4.56,56.21,2.38,0,none
2025-01-01 00:00:29.799999952,238.13,5.4,50.2,2.35,0,none
2025-01-01 00:00:29.900000095,236.3,5.48,32.98,2.14,0,none
2025-01-01 00:00:30.000000000,221.71,4.0,53.42,1.9,0,none
2025-01-01 00:00:30.099999905,224.4,6.49,37.02,1.84,0,none
2025-01-01 00:00:30.200000048,237.47,4.74,41.93,2.43,0,none
2025-01-01 00:00:30.299999952,236.1,3.87,47.0,2.28,0,none
2025-01-01 00:00:30.400000095,229.79,5.8,60.97,1.87,1,cable_cut
2025-01-01 00:00:30.500000000,231.17,3.65,69.88,2.54,1,cable_cut
2025-01-01 00:00:30.599999905,242.78,5.04,49.85,1.94,0,none
2025-01-01 00:00:30.700000048,224.08,4.99,43.53,1.57,0,none
2025-01-01 00:00:30.799999952,235.47,6.63,49.28,1.62,0,none
2025-01-01 00:00:30.900000095,227.98,5.71,52.1,1.51,0,none
2025-01-01 00:00:31.000000000,227.82,4.96,42.43,1.86,0,none
2025-01-01 00:00:31.099999905,240.99,6.23,59.36,2.62,0,none
2025-01-01 00:00:31.200000048,238.25,7.09,46.84,1.6,0,none
2025-01-01 00:00:31.299999952,238.14,5.84,48.98,2.09,0,none
2025-01-01 00:00:31.400000095,243.05,5.02,50.33,1.67,0,none
2025-01-01 00:00:31.500000000,230.21,3.03,48.37,1.87,0,none
2025-01-01 00:00:31.599999905,236.82,3.4,51.71,1.24,0,none
2025-01-01 00:00:31.700000048,226.9,4.54,40.06,1.89,0,none
2025-01-01 00:00:31.799999952,233.24,4.09,40.53,1.9,0,none
2025-01-01 00:00:31.900000095,228.7,4.72,36.2,2.27,0,none
2025-01-01 00:00:32.000000000,230.97,5.08,48.52,2.11,0,none
2025-01-01 00:00:32.099999905,235.95,5.79,51.23,1.4,0,none
2025-01-01 00:00:32.200000048,221.82,4.89,48.66,2.54,0,none
2025-01-01 00:00:32.299999952,250.92,5.73,58.4,2.11,1,cable_cut
2025-01-01 00:00:32.400000095,219.94,5.1,44.96,2.1,0,none
2025-01-01 00:00:32.500000000,217.86,2.04,50.35,2.0,0,none
2025-01-01 00:00:32.599999905,241.58,3.59,36.27,1.74,0,none
2025-01-01 00:00:32.700000048,237.92,4.78,41.9,2.11,0,none
2025-01-01 00:00:32.799999952,236.24,3.19,50.56,2.24,0,none
2025-01-01 00:00:32.900000095,236.28,5.9,51.79,1.13,0,none
2025-01-01 00:00:33.000000000,229.88,7.3,42.65,1.73,0,none
2025-01-01 00:00:33.099999905,221.03,6.83,44.43,1.87,0,none
2025-01-01 00:00:33.200000048,230.76,4.68,32.86,2.13,0,none
2025-01-01 00:00:33.299999952,223.23,7.24,42.14,2.6,0,none
2025-01-01 00:00:33.400000095,239.75,5.22,52.12,1.61,0,none
2025-01-01 00:00:33.500000000,228.53,4.49,49.6,1.75,0,none
2025-01-01 00:00:33.599999905,221.75,4.08,49.01,1.74,0,none
2025-01-01 00:00:33.700000048,226.79,4.55,45.4,1.6,0,none
2025-01-01 00:00:33.799999952,234.13,4.42,45.06,1.83,0,none
2025-01-01 00:00:33.900000095,224.36,5.26,39.72,2.39,0,none
2025-01-01 00:00:34.000000000,221.78,5.24,50.59,1.47,0,none
2025-01-01 00:00:34.099999905,232.44,5.0,48.37,2.21,0,none
2025-01-01 00:00:34.200000048,232.45,5.66,48.94,1.15,0,none
2025-01-01 00:00:34.299999952,224.93,6.79,40.79,1.72,0,none
2025-01-01 00:00:34.400000095,225.29,6.42,27.77,1.84,0,none
2025-01-01 00:00:34.500000000,232.32,2.77,53.78,2.84,0,none
2025-01-01 00:00:34.599999905,215.52,1.17,41.17,1.86,0,none
2025-01-01 00:00:34.700000048,215.93,6.4,38.1,0.9,0,none
2025-01-01 00:00:34.799999952,222.82,2.95,50.55,1.0,0,none
2025-01-01 00:00:34.900000095,227.87,4.66,41.86,2.02,0,none
2025-01-01 00:00:35.000000000,233.11,3.24,53.48,2.31,0,none
2025-01-01 00:00:35.099999905,244.75,2.3,49.94,2.19,0,none
2025-01-01 00:00:35.200000048,238.58,5.81,50.47,2.08,0,none
2025-01-01 00:00:35.299999952,228.4,6.14,34.07,2.58,0,none
2025-01-01 00:00:35.400000095,229.81,4.14,54.7,1.73,0,none
2025-01-01 00:00:35.500000000,219.97,1.11,47.09,2.45,0,none
2025-01-01 00:00:35.599999905,229.81,4.18,42.05,1.18,0,none
2025-01-01 00:00:35.700000048,227.11,5.59,46.15,1.55,0,none
2025-01-01 00:00:35.799999952,233.23,2.78,30.79,1.1,0,none
2025-01-01 00:00:35.900000095,221.73,5.28,48.27,1.86,0,none
2025-01-01 00:00:36.000000000,235.19,4.98,36.77,1.98,0,none
2025-01-01 00:00:36.099999905,245.33,5.87,34.18,2.06,0,none
2025-01-01 00:00:36.200000048,228.91,5.18,32.82,2.03,0,none
2025-01-01 00:00:36.299999952,234.02,3.54,53.9,1.54,0,none
2025-01-01 00:00:36.400000095,236.9,6.79,39.97,1.9,0,none
2025-01-01 00:00:36.500000000,225.99,4.76,57.27,1.25,0,none
2025-01-01 00:00:36.599999905,232.24,4.96,40.71,2.68,0,none
2025-01-01 00:00:36.700000048,230.13,3.6,31.34,1.85,0,none
2025-01-01 00:00:36.799999952,230.98,4.34,36.07,1.76,0,none
2025-01-01 00:00:36.900000095,222.27,3.67,54.89,2.79,0,none
2025-01-01 00:00:37.000000000,230.25,4.74,43.75,1.38,0,none
2025-01-01 00:00:37.099999905,234.98,7.57,40.61,1.44,0,none
2025-01-01 00:00:37.200000048,244.51,2.94,46.28,1.45,0,none
2025-01-01 00:00:37.299999952,239.59,2.58,49.01,1.97,0,none
2025-01-01 00:00:37.400000095,251.53,7.21,53.94,2.22,1,cable_cut
2025-01-01 00:00:37.500000000,222.33,4.69,56.59,2.37,0,none
2025-01-01 00:00:37.599999905,238.72,4.0,42.12,3.29,1,cable_cut
2025-01-01 00:00:37.700000048,231.83,6.56,34.39,0.88,0,none
2025-01-01 00:00:37.799999952,251.9,4.09,41.69,2.3,1,cable_cut
2025-01-01 00:00:37.900000095,221.92,7.74,47.08,1.72,0,none
2025-01-01 00:00:38.000000000,221.6,6.02,37.29,1.71,0,none
2025-01-01 00:00:38.099999905,224.01,4.27,37.34,1.69,0,none
2025-01-01 00:00:38.200000048,208.76,8.24,47.75,1.55,1,cable_cut
2025-01-01 00:00:38.299999952,224.74,4.09,44.61,2.84,0,none
2025-01-01 00:00:38.400000095,222.41,6.11,45.26,2.42,0,none
2025-01-01 00:00:38.500000000,231.5,5.45,38.93,2.01,0,none
2025-01-01 00:00:38.599999905,233.42,6.95,43.16,2.68,0,none
2025-01-01 00:00:38.700000048,248.76,7.34,37.61,1.24,0,none
2025-01-01 00:00:38.799999952,239.5,5.05,52.12,1.33,0,none
2025-01-01 00:00:38.900000095,224.23,3.87,53.28,0.91,0,none
2025-01-01 00:00:39.000000000,221.02,5.69,30.23,1.65,0,none
2025-01-01 00:00:39.099999905,234.92,3.98,37.56,2.08,0,none
2025-01-01 00:00:39.200000048,216.8,8.02,33.03,2.05,1,cable_cut
2025-01-01 00:00:39.299999952,248.31,5.2,39.8,2.07,0,none
2025-01-01 00:00:39.400000095,241.79,4.45,44.33,1.29,0,none
2025-01-01 00:00:39.500000000,225.31,5.28,33.4,2.4,0,none
2025-01-01 00:00:39.599999905,212.87,2.98,37.63,2.12,0,none
2025-01-01 00:00:39.700000048,243.54,3.54,36.97,2.37,0,none
2025-01-01 00:00:39.799999952,228.85,6.8,46.66,1.05,0,none
2025-01-01 00:00:39.900000095,242.38,4.01,45.55,2.16,0,none
2025-01-01 00:00:40.000000000,214.06,3.43,39.23,1.41,0,none
2025-01-01 00:00:40.099999905,224.01,5.8,46.41,1.8,0,none
2025-01-01 00:00:40.200000048,230.05,6.78,40.63,2.27,0,none
2025-01-01 00:00:40.299999952,230.47,6.08,42.83,2.05,0,none
2025-01-01 00:00:40.400000095,225.5,6.49,58.39,1.57,0,none
2025-01-01 00:00:40.500000000,236.23,3.86,55.72,2.0,0,none
2025-01-01 00:00:40.599999905,219.32,2.87,34.6,1.23,0,none
2025-01-01 00:00:40.700000048,228.58,7.25,51.64,2.58,0,none
2025-01-01 00:00:40.799999952,231.2,4.52,51.49,1.9,0,none
2025-01-01 00:00:40.900000095,235.14,4.62,35.81,2.56,0,none
2025-01-01 00:00:41.000000000,237.12,6.99,51.55,1.74,0,none
2025-01-01 00:00:41.099999905,218.75,5.83,57.3,1.74,0,none
2025-01-01 00:00:41.200000048,214.66,5.68,36.02,1.62,0,none
2025-01-01 00:00:41.299999952,242.78,8.25,37.66,2.44,1,cable_cut
2025-01-01 00:00:41.400000095,233.32,4.03,53.14,1.65,0,none
2025-01-01 00:00:41.500000000,222.52,6.39,47.17,2.32,0,none
2025-01-01 00:00:41.599999905,245.51,5.09,49.41,1.81,0,none
2025-01-01 00:00:41.700000048,231.16,5.4,47.72,1.01,0,none
2025-01-01 00:00:41.799999952,241.79,7.29,48.13,1.71,0,none
2025-01-01 00:00:41.900000095,230.68,5.76,34.39,1.41,0,none
2025-01-01 00:00:42.000000000,250.61,5.81,53.38,2.02,1,cable_cut
2025-01-01 00:00:42.099999905,247.55,6.61,54.36,1.4,0,none
2025-01-01 00:00:42.200000048,227.51,4.45,43.16,2.46,0,none
2025-01-01 00:00:42.299999952,239.72,3.74,44.65,1.95,0,none
2025-01-01 00:00:42.400000095,236.45,3.43,32.75,1.91,0,none
2025-01-01 00:00:42.500000000,243.69,2.05,49.11,2.33,0,none
2025-01-01 00:00:42.599999905,220.35,8.08,49.58,2.48,1,cable_cut
2025-01-01 00:00:42.700000048,236.86,3.35,44.5,1.99,0,none
2025-01-01 00:00:42.799999952,240.58,4.67,53.99,1.61,0,none
2025-01-01 00:00:42.900000095,212.41,4.58,42.33,1.11,0,none
2025-01-01 00:00:43.000000000,218.17,5.46,49.52,1.66,0,none
2025-01-01 00:00:43.099999905,209.61,6.22,36.84,1.69,1,cable_cut
2025-01-01 00:00:43.200000048,227.31,6.29,44.81,2.05,0,none
2025-01-01 00:00:43.299999952,237.18,4.13,43.61,1.83,0,none
2025-01-01 00:00:43.400000095,245.02,4.75,46.8,2.34,0,none
2025-01-01 00:00:43.500000000,230.74,5.42,42.04,1.69,0,none
2025-01-01 00:00:43.599999905,246.29,4.63,43.95,1.97,0,none
2025-01-01 00:00:43.700000048,216.2,7.41,51.61,2.59,0,none
2025-01-01 00:00:43.799999952,212.97,5.74,41.51,2.17,0,none
2025-01-01 00:00:43.900000095,229.44,6.1,32.15,1.97,0,none
2025-01-01 00:00:44.000000000,233.84,5.99,59.0,1.7,0,none
2025-01-01 00:00:44.099999905,229.67,6.76,56.05,1.68,0,none
2025-01-01 00:00:44.200000048,209.33,5.27,34.66,1.57,1,cable_cut
2025-01-01 00:00:44.299999952,229.11,3.05,50.52,1.73,0,none
2025-01-01 00:00:44.400000095,216.96,5.6,40.98,2.38,0,none
2025-01-01 00:00:44.500000000,236.7,4.02,47.11,1.89,0,none
2025-01-01 00:00:44.599999905,233.67,4.21,47.35,1.33,0,none
2025-01-01 00:00:44.700000048,220.6,5.88,43.12,2.88,0,none
2025-01-01 00:00:44.799999952,224.86,6.86,38.73,2.16,0,none
2025-01-01 00:00:44.900000095,219.41,5.03,39.48,1.3,0,none
2025-01-01 00:00:45.000000000,229.37,5.46,37.67,1.78,0,none
2025-01-01 00:00:45.099999905,239.55,7.55,38.35,2.06,0,none
2025-01-01 00:00:45.200000048,220.14,5.36,44.46,2.85,0,none
2025-01-01 00:00:45.299999952,235.04,8.9,39.27,1.45,1,cable_cut
2025-01-01 00:00:45.400000095,224.7,5.85,50.46,2.49,0,none
2025-01-01 00:00:45.500000000,222.07,2.36,56.9,2.7,0,none
2025-01-01 00:00:45.599999905,228.93,6.13,40.36,1.69,0,none
2025-01-01 00:00:45.700000048,219.65,5.57,46.92,1.86,0,none
2025-01-01 00:00:45.799999952,224.46,6.93,49.0,1.48,0,none
2025-01-01 00:00:45.900000095,218.02,6.01,48.78,1.9,0,none
2025-01-01 00:00:46.000000000,249.65,4.79,45.61,1.98,0,none
2025-01-01 00:00:46.099999905,230.35,3.16,50.94,2.33,0,none
2025-01-01 00:00:46.200000048,223.0,4.69,48.86,2.55,0,none
2025-01-01 00:00:46.299999952,232.14,3.72,35.1,1.63,0,none
2025-01-01 00:00:46.400000095,228.88,4.13,51.95,1.02,0,none
2025-01-01 00:00:46.500000000,227.79,5.88,52.1,1.99,0,none
2025-01-01 00:00:46.599999905,236.14,7.5,38.89,2.15,0,none
2025-01-01 00:00:46.700000048,237.58,5.59,45.3,2.12,0,none
2025-01-01 00:00:46.799999952,224.69,3.21,50.47,1.84,0,none
2025-01-01 00:00:46.900000095,224.24,5.67,43.33,2.06,0,none
2025-01-01 00:00:47.000000000,227.25,6.79,53.58,2.76,0,none
2025-01-01 00:00:47.099999905,206.98,4.09,63.91,2.19,1,cable_cut
2025-01-01 00:00:47.200000048,214.85,4.8,38.71,1.81,0,none
2025-01-01 00:00:47.299999952,243.67,5.02,33.95,1.75,0,none
2025-01-01 00:00:47.400000095,246.45,3.82,47.43,1.92,0,none
2025-01-01 00:00:47.500000000,227.51,5.97,50.77,2.82,0,none
2025-01-01 00:00:47.599999905,235.77,4.82,43.15,1.91,0,none
2025-01-01 00:00:47.700000048,233.11,5.63,56.63,1.99,0,none
2025-01-01 00:00:47.799999952,260.79,3.67,34.29,1.76,1,cable_cut
2025-01-01 00:00:47.900000095,241.2,4.34,50.54,2.55,0,none
2025-01-01 00:00:48.000000000,228.72,6.08,40.15,2.98,0,none
2025-01-01 00:00:48.099999905,220.44,4.44,58.76,2.23,0,none
2025-01-01 00:00:48.200000048,213.94,7.59,60.94,2.04,1,cable_cut
2025-01-01 00:00:48.299999952,232.03,4.4,38.87,2.02,0,none
2025-01-01 00:00:48.400000095,222.44,5.34,40.6,0.81,0,none
2025-01-01 00:00:48.500000000,215.78,6.4,51.88,2.37,0,none
2025-01-01 00:00:48.599999905,223.53,2.87,41.9,2.07,0,none
2025-01-01 00:00:48.700000048,219.18,2.36,44.64,2.21,0,none
2025-01-01 00:00:48.799999952,246.87,2.71,45.2,1.64,0,none
2025-01-01 00:00:48.900000095,238.82,6.89,29.64,1.81,0,none
2025-01-01 00:00:49.000000000,229.92,4.17,44.89,1.79,0,none
2025-01-01 00:00:49.099999905,244.8,8.84,39.48,2.51,1,cable_cut
2025-01-01 00:00:49.200000048,230.77,4.15,41.06,1.81,0,none
2025-01-01 00:00:49.299999952,221.39,5.28,56.55,3.04,0,none
2025-01-01 00:00:49.400000095,245.23,7.31,34.95,2.22,0,none
2025-01-01 00:00:49.500000000,235.39,8.01,51.51,1.36,1,cable_cut
2025-01-01 00:00:49.599999905,219.63,8.09,42.77,1.94,1,cable_cut
2025-01-01 00:00:49.700000048,228.1,6.81,42.76,1.67,0,none
2025-01-01 00:00:49.799999952,221.24,6.54,51.32,0.9,0,none
2025-01-01 00:00:49.900000095,216.17,5.89,47.72,2.8,0,none
2025-01-01 00:00:50.000000000,239.26,6.17,49.56,2.35,0,none
2025-01-01 00:00:50.099999905,249.09,4.17,52.75,2.27,0,none
2025-01-01 00:00:50.200000048,216.01,3.77,42.35,2.08,0,none
2025-01-01 00:00:50.299999952,235.63,4.99,40.1,1.31,0,none
2025-01-01 00:00:50.400000095,223.49,4.74,36.32,1.76,0,none
2025-01-01 00:00:50.500000000,225.13,4.32,38.4,2.42,0,none
2025-01-01 00:00:50.599999905,224.08,6.04,68.59,1.47,1,cable_cut
2025-01-01 00:00:50.700000048,221.36,6.43,54.96,0.73,0,none
2025-01-01 00:00:50.799999952,230.49,5.13,34.19,1.89,0,none
2025-01-01 00:00:50.900000095,221.69,7.22,34.42,1.93,0,none
2025-01-01 00:00:51.000000000,232.7,3.29,48.85,2.07,0,none
2025-01-01 00:00:51.099999905,229.5,4.71,49.38,2.36,0,none
2025-01-01 00:00:51.200000048,227.61,3.92,49.39,2.32,0,none
2025-01-01 00:00:51.299999952,220.92,2.2,42.96,2.13,0,none
2025-01-01 00:00:51.400000095,224.23,4.88,44.0,2.6,0,none
2025-01-01 00:00:51.500000000,237.55,4.82,47.62,1.24,0,none
2025-01-01 00:00:51.599999905,235.01,7.27,45.69,2.25,0,none
2025-01-01 00:00:51.700000048,220.22,5.95,27.25,2.31,0,none
2025-01-01 00:00:51.799999952,230.99,3.46,43.16,1.38,0,none
2025-01-01 00:00:51.900000095,237.51,7.78,38.19,1.25,0,none
2025-01-01 00:00:52.000000000,213.31,6.83,46.4,1.63,0,none
2025-01-01 00:00:52.099999905,235.43,5.87,68.88,1.67,1,cable_cut
2025-01-01 00:00:52.200000048,223.37,4.66,47.94,2.38,0,none
2025-01-01 00:00:52.299999952,235.71,3.56,42.49,1.69,0,none
2025-01-01 00:00:52.400000095,222.37,4.44,52.37,1.57,0,none
2025-01-01 00:00:52.500000000,211.95,6.63,48.86,1.69,0,none
2025-01-01 00:00:52.599999905,213.72,7.83,48.36,2.56,0,none
2025-01-01 00:00:52.700000048,230.48,7.31,49.85,2.01,0,none
2025-01-01 00:00:52.799999952,232.6,4.27,61.45,1.91,1,cable_cut
2025-01-01 00:00:52.900000095,220.96,3.32,35.95,1.94,0,none
2025-01-01 00:00:53.000000000,236.39,5.21,48.79,2.65,0,none
2025-01-01 00:00:53.099999905,213.38,2.35,37.59,1.63,0,none
2025-01-01 00:00:53.200000048,229.34,5.48,49.44,2.66,0,none
2025-01-01 00:00:53.299999952,217.89,4.78,37.65,2.11,0,none
2025-01-01 00:00:53.400000095,223.48,4.3,41.66,1.92,0,none
2025-01-01 00:00:53.500000000,230.47,2.61,42.64,3.25,0,none
2025-01-01 00:00:53.599999905,221.4,5.77,52.81,1.47,0,none
2025-01-01 00:00:53.700000048,226.15,4.2,52.35,1.82,0,none
2025-01-01 00:00:53.799999952,240.06,3.25,35.03,1.38,0,none
2025-01-01 00:00:53.900000095,224.23,0.69,45.44,2.48,0,none
2025-01-01 00:00:54.000000000,238.36,4.96,39.32,2.84,0,none
2025-01-01 00:00:54.099999905,218.7,7.66,34.93,2.83,0,none
2025-01-01 00:00:54.200000048,235.3,7.49,43.26,2.61,0,none
2025-01-01 00:00:54.299999952,244.42,4.31,42.53,1.9,0,none
2025-01-01 00:00:54.400000095,205.28,4.1,64.41,1.82,1,cable_cut
2025-01-01 00:00:54.500000000,222.03,5.7,48.46,1.16,0,none
2025-01-01 00:00:54.599999905,235.77,3.5,33.98,3.02,0,none
2025-01-01 00:00:54.700000048,227.97,5.45,40.48,2.23,0,none
2025-01-01 00:00:54.799999952,233.71,6.15,53.17,1.75,0,none
2025-01-01 00:00:54.900000095,223.96,6.84,61.71,2.66,1,cable_cut
2025-01-01 00:00:55.000000000,230.87,4.85,32.31,1.51,0,none
2025-01-01 00:00:55.099999905,228.44,4.69,29.96,2.2,0,none
2025-01-01 00:00:55.200000048,241.68,3.68,59.97,1.91,0,none
2025-01-01 00:00:55.299999952,232.54,3.76,48.12,2.32,0,none
2025-01-01 00:00:55.400000095,233.38,4.66,38.05,1.97,0,none
2025-01-01 00:00:55.500000000,225.88,5.55,49.28,1.27,0,none
2025-01-01 00:00:55.599999905,225.12,6.37,23.91,2.04,0,none
2025-01-01 00:00:55.700000048,225.67,3.8,45.03,2.52,0,none
2025-01-01 00:00:55.799999952,233.94,7.24,47.62,1.99,0,none
2025-01-01 00:00:55.900000095,225.79,4.59,52.39,2.39,0,none
2025-01-01 00:00:56.000000000,232.9,4.97,36.89,1.48,0,none
2025-01-01 00:00:56.099999905,250.75,3.88,45.69,1.99,1,cable_cut
2025-01-01 00:00:56.200000048,238.71,1.36,37.6,1.69,0,none
2025-01-01 00:00:56.299999952,226.74,6.33,47.04,2.37,0,none
2025-01-01 00:00:56.400000095,242.01,6.11,37.84,2.02,0,none
2025-01-01 00:00:56.500000000,225.92,4.58,41.74,2.35,0,none
2025-01-01 00:00:56.599999905,209.62,5.1,37.03,2.54,1,cable_cut
2025-01-01 00:00:56.700000048,219.92,5.77,50.21,2.35,0,none
2025-01-01 00:00:56.799999952,211.29,2.66,51.87,2.14,0,none
2025-01-01 00:00:56.900000095,226.48,4.21,43.12,1.5,0,none
2025-01-01 00:00:57.000000000,230.18,6.19,45.31,2.0,0,none
2025-01-01 00:00:57.099999905,246.76,3.12,33.41,1.73,0,none
2025-01-01 00:00:57.200000048,233.27,5.44,42.6,1.83,0,none
2025-01-01 00:00:57.299999952,227.81,2.97,44.6,1.81,0,none
2025-01-01 00:00:57.400000095,238.29,5.7,65.97,1.51,1,cable_cut
2025-01-01 00:00:57.500000000,207.89,4.95,36.1,1.02,1,cable_cut
2025-01-01 00:00:57.599999905,232.36,2.58,56.71,1.67,0,none
2025-01-01 00:00:57.700000048,237.71,6.75,52.97,2.1,0,none
2025-01-01 00:00:57.799999952,215.21,3.9,47.25,1.33,0,none
2025-01-01 00:00:57.900000095,241.44,3.78,59.07,2.01,0,none
2025-01-01 00:00:58.000000000,233.38,5.3,47.98,2.95,0,none
2025-01-01 00:00:58.099999905,225.85,6.72,48.11,2.51,0,none
2025-01-01 00:00:58.200000048,236.33,3.48,44.58,2.82,0,none
2025-01-01 00:00:58.299999952,252.71,5.09,54.79,2.2,1,cable_cut
2025-01-01 00:00:58.400000095,231.82,5.64,53.77,2.58,0,none
2025-01-01 00:00:58.500000000,232.48,6.04,39.99,1.64,0,none
2025-01-01 00:00:58.599999905,225.41,5.26,34.45,1.68,0,none
2025-01-01 00:00:58.700000048,221.5,4.45,43.38,0.63,0,none
2025-01-01 00:00:58.799999952,238.3,3.76,38.6,2.59,0,none
2025-01-01 00:00:58.900000095,221.44,5.13,44.49,2.77,0,none
2025-01-01 00:00:59.000000000,230.72,3.39,54.9,1.72,0,none
2025-01-01 00:00:59.099999905,225.22,0.62,41.34,1.87,0,none
2025-01-01 00:00:59.200000048,234.79,5.65,44.66,1.62,0,none
2025-01-01 00:00:59.299999952,233.34,6.36,45.46,2.19,0,none
2025-01-01 00:00:59.400000095,240.38,1.46,51.79,2.56,0,none
2025-01-01 00:00:59.500000000,224.9,3.49,27.02,1.13,0,none
2025-01-01 00:00:59.599999905,227.3,5.93,40.15,2.2,0,none
2025-01-01 00:00:59.700000048,220.21,8.09,46.69,1.86,1,cable_cut
2025-01-01 00:00:59.799999952,225.56,5.03,54.6,2.06,0,none
2025-01-01 00:00:59.900000095,233.77,3.91,41.06,2.23,0,none
2025-01-01 00:01:00.000000000,237.57,4.73,29.99,1.91,0,none
2025-01-01 00:01:00.099999905,220.78,7.06,49.96,1.95,0,none
2025-01-01 00:01:00.200000048,238.7,4.03,39.92,1.89,0,none
2025-01-01 00:01:00.299999952,243.56,3.8,35.48,2.49,0,none
2025-01-01 00:01:00.400000095,234.13,4.28,40.01,2.21,0,none
2025-01-01 00:01:00.500000000,248.77,3.57,43.52,2.11,0,none
2025-01-01 00:01:00.599999905,222.26,5.18,40.16,1.36,0,none
2025-01-01 00:01:00.700000048,217.55,7.44,27.36,1.81,0,none
2025-01-01 00:01:00.799999952,212.21,5.48,52.18,2.45,0,none
2025-01-01 00:01:00.900000095,244.96,4.62,55.2,2.02,0,none
2025-01-01 00:01:01.000000000,236.54,4.56,50.21,2.33,0,none
2025-01-01 00:01:01.099999905,229.44,2.66,35.9,2.88,0,none
2025-01-01 00:01:01.200000048,232.8,6.32,43.39,2.52,0,none
2025-01-01 00:01:01.299999952,218.75,4.88,44.95,2.05,0,none
2025-01-01 00:01:01.400000095,254.46,4.73,49.79,1.74,1,cable_cut
2025-01-01 00:01:01.500000000,231.29,9.79,50.35,0.72,1,cable_cut
2025-01-01 00:01:01.599999905,231.09,5.45,39.13,1.92,0,none
2025-01-01 00:01:01.700000048,237.26,3.87,45.66,1.84,1,cable_cut
2025-01-01 00:01:01.799999952,234.81,4.36,48.66,2.2,0,none
2025-01-01 00:01:01.900000095,232.24,6.72,56.65,1.92,0,none
2025-01-01 00:01:02.000000000,222.1,5.17,50.64,1.84,0,none
2025-01-01 00:01:02.099999905,234.71,2.84,51.31,1.11,0,none
2025-01-01 00:01:02.200000048,248.82,6.38,45.67,1.53,0,none
2025-01-01 00:01:02.299999952,243.45,4.0,56.28,2.24,0,none
2025-01-01 00:01:02.400000095,245.93,7.81,48.28,2.86,0,none
2025-01-01 00:01:02.500000000,224.89,6.62,38.11,1.95,0,none
2025-01-01 00:01:02.599999905,220.1,4.33,56.23,2.16,0,none
2025-01-01 00:01:02.700000048,228.74,6.92,50.58,2.48,0,none
2025-01-01 00:01:02.799999952,230.56,5.1,41.46,1.59,0,none
2025-01-01 00:01:02.900000095,240.94,6.28,41.16,2.18,0,none
2025-01-01 00:01:03.000000000,213.08,5.73,47.37,1.63,0,none
2025-01-01 00:01:03.099999905,245.3,3.73,48.71,2.43,0,none
2025-01-01 00:01:03.200000048,228.42,4.03,46.58,2.08,0,none
2025-01-01 00:01:03.299999952,225.73,6.54,47.49,2.15,0,none
2025-01-01 00:01:03.400000095,219.88,4.5,58.6,1.61,0,none
2025-01-01 00:01:03.500000000,213.45,4.39,53.57,2.35,1,cable_cut
2025-01-01 00:01:03.599999905,238.23,3.57,46.53,3.04,0,none
2025-01-01 00:01:03.700000048,230.73,5.64,52.53,1.5,0,none
2025-01-01 00:01:03.799999952,217.1,8.09,36.74,1.83,1,cable_cut
2025-01-01 00:01:03.900000095,217.05,3.4,48.18,2.12,1,cable_cut
2025-01-01 00:01:04.000000000,226.64,5.04,59.47,2.39,0,none
2025-01-01 00:01:04.099999905,246.69,7.12,43.26,1.72,0,none
2025-01-01 00:01:04.200000048,227.4,4.88,38.22,0.58,0,none
2025-01-01 00:01:04.299999952,214.97,5.68,39.78,2.68,0,none
2025-01-01 00:01:04.400000095,227.54,3.41,36.28,2.38,0,none
2025-01-01 00:01:04.500000000,227.27,5.64,38.72,1.13,0,none
2025-01-01 00:01:04.599999905,203.03,4.72,42.04,1.7,1,cable_cut
2025-01-01 00:01:04.700000048,229.46,6.48,33.76,2.78,0,none
2025-01-01 00:01:04.799999952,227.69,6.78,45.12,2.72,0,none
2025-01-01 00:01:04.900000095,236.96,8.88,52.22,2.47,1,cable_cut
2025-01-01 00:01:05.000000000,248.49,5.87,37.74,1.91,0,none
2025-01-01 00:01:05.099999905,241.27,5.49,57.15,2.04,0,none
2025-01-01 00:01:05.200000048,227.31,5.29,49.09,1.93,0,none
2025-01-01 00:01:05.299999952,218.93,4.47,53.24,2.56,0,none
2025-01-01 00:01:05.400000095,255.73,5.51,39.74,1.56,1,cable_cut
2025-01-01 00:01:05.500000000,230.59,4.56,51.84,1.6,0,none
2025-01-01 00:01:05.599999905,230.14,5.25,36.26,2.51,0,none
2025-01-01 00:01:05.700000048,229.76,6.98,52.12,1.98,0,none
2025-01-01 00:01:05.799999952,231.98,3.49,46.37,2.69,0,none
2025-01-01 00:01:05.900000095,228.56,6.71,49.43,1.66,0,none
2025-01-01 00:01:06.000000000,224.26,6.98,35.6,1.97,0,none
2025-01-01 00:01:06.099999905,224.53,4.82,37.84,1.54,0,none
2025-01-01 00:01:06.200000048,229.67,1.82,49.78,2.0,0,none
2025-01-01 00:01:06.299999952,224.57,4.09,37.41,1.26,0,none
2025-01-01 00:01:06.400000095,222.87,6.95,48.71,1.76,0,none
2025-01-01 00:01:06.500000000,231.06,4.97,34.06,1.28,0,none
2025-01-01 00:01:06.599999905,227.45,3.5,51.79,2.35,0,none
2025-01-01 00:01:06.700000048,245.04,4.24,35.14,2.36,0,none
2025-01-01 00:01:06.799999952,203.49,6.26,49.42,1.13,1,cable_cut
2025-01-01 00:01:06.900000095,240.92,5.82,50.01,2.67,0,none
2025-01-01 00:01:07.000000000,242.46,4.64,39.43,3.25,0,none
2025-01-01 00:01:07.099999905,209.27,4.45,49.66,2.02,1,cable_cut
2025-01-01 00:01:07.200000048,226.57,4.41,47.08,1.68,0,none
2025-01-01 00:01:07.299999952,226.29,3.62,40.69,3.41,0,none
2025-01-01 00:01:07.400000095,215.92,7.42,36.93,1.34,0,none
2025-01-01 00:01:07.500000000,222.22,4.52,29.3,2.01,0,none
2025-01-01 00:01:07.599999905,218.89,6.83,47.8,2.09,0,none
2025-01-01 00:01:07.700000048,247.52,7.28,32.48,2.67,0,none
2025-01-01 00:01:07.799999952,239.36,6.5,45.76,2.18,0,none
2025-01-01 00:01:07.900000095,242.72,4.35,42.89,1.75,0,none
2025-01-01 00:01:08.000000000,237.22,5.61,50.43,1.52,0,none
2025-01-01 00:01:08.099999905,218.71,4.96,42.58,1.83,0,none
2025-01-01 00:01:08.200000048,224.75,3.64,42.36,1.5,0,none
2025-01-01 00:01:08.299999952,234.89,5.49,50.85,2.02,0,none
2025-01-01 00:01:08.400000095,217.78,3.23,47.68,1.72,0,none
2025-01-01 00:01:08.500000000,237.13,6.78,47.53,1.25,0,none
2025-01-01 00:01:08.599999905,227.6,4.3,48.75,2.63,0,none
2025-01-01 00:01:08.700000048,226.25,5.3,32.72,1.75,0,none
2025-01-01 00:01:08.799999952,237.11,5.42,51.05,1.37,0,none
2025-01-01 00:01:08.900000095,234.44,4.61,49.9,1.92,0,none
2025-01-01 00:01:09.000000000,226.39,5.88,36.87,2.03,0,none
2025-01-01 00:01:09.099999905,241.59,4.29,43.05,1.13,0,none
2025-01-01 00:01:09.200000048,219.19,6.31,44.69,2.17,0,none
2025-01-01 00:01:09.299999952,236.16,2.98,43.92,1.48,0,none
2025-01-01 00:01:09.400000095,235.93,5.19,47.67,2.86,0,none
2025-01-01 00:01:09.500000000,226.9,7.91,56.45,2.26,0,none
2025-01-01 00:01:09.599999905,233.26,3.5,53.65,1.8,0,none
2025-01-01 00:01:09.700000048,217.49,3.98,34.5,1.63,0,none
2025-01-01 00:01:09.799999952,239.24,5.77,49.98,1.95,0,none
2025-01-01 00:01:09.900000095,228.15,5.27,55.63,2.31,0,none
2025-01-01 00:01:10.000000000,224.77,5.53,48.09,1.99,0,none
2025-01-01 00:01:10.099999905,240.49,5.73,53.73,1.89,0,none
2025-01-01 00:01:10.200000048,222.96,5.95,61.1,2.03,1,cable_cut
2025-01-01 00:01:10.299999952,215.92,6.66,53.19,1.7,0,none
2025-01-01 00:01:10.400000095,214.43,5.61,46.99,1.83,0,none
2025-01-01 00:01:10.500000000,236.06,4.64,53.36,0.96,0,none
2025-01-01 00:01:10.599999905,217.2,6.01,46.16,2.49,0,none
2025-01-01 00:01:10.700000048,247.55,7.85,45.19,2.15,0,none
2025-01-01 00:01:10.799999952,209.18,4.8,42.19,1.61,1,cable_cut
2025-01-01 00:01:10.900000095,246.96,3.54,57.51,2.95,0,none
2025-01-01 00:01:11.000000000,232.11,6.66,38.45,2.04,0,none
2025-01-01 00:01:11.099999905,229.03,4.82,57.26,1.48,0,none
2025-01-01 00:01:11.200000048,224.55,1.74,49.0,2.43,0,none
2025-01-01 00:01:11.299999952,233.99,6.27,33.81,2.2,0,none
2025-01-01 00:01:11.400000095,229.62,4.2,47.94,2.2,0,none
2025-01-01 00:01:11.500000000,241.03,4.86,28.2,1.79,0,none
2025-01-01 00:01:11.599999905,231.14,5.5,50.0,2.23,0,none
2025-01-01 00:01:11.700000048,231.5,5.29,52.08,1.87,0,none
2025-01-01 00:01:11.799999952,226.36,6.06,40.26,2.28,0,none
2025-01-01 00:01:11.900000095,229.43,4.35,45.99,1.05,0,none
2025-01-01 00:01:12.000000000,233.08,5.77,60.63,1.78,1,cable_cut
2025-01-01 00:01:12.099999905,212.9,4.61,40.95,2.86,0,none
2025-01-01 00:01:12.200000048,216.52,6.11,36.53,1.62,0,none
2025-01-01 00:01:12.299999952,237.43,5.92,56.85,1.7,0,none
2025-01-01 00:01:12.400000095,231.71,3.6,60.7,1.78,1,cable_cut
2025-01-01 00:01:12.500000000,228.16,6.63,45.03,1.39,1,cable_cut
2025-01-01 00:01:12.599999905,230.18,4.2,53.09,0.9,0,none
2025-01-01 00:01:12.700000048,233.48,6.21,55.73,1.88,0,none
2025-01-01 00:01:12.799999952,224.6,5.55,39.06,2.07,0,none
2025-01-01 00:01:12.900000095,222.22,7.76,41.12,1.97,0,none
2025-01-01 00:01:13.000000000,231.96,4.66,54.85,1.93,0,none
2025-01-01 00:01:13.099999905,220.22,4.48,58.48,2.02,0,none
2025-01-01 00:01:13.200000048,234.08,4.97,49.5,2.51,0,none
2025-01-01 00:01:13.299999952,212.97,4.55,37.96,1.9,0,none
2025-01-01 00:01:13.400000095,240.29,6.2,60.9,1.71,1,cable_cut
2025-01-01 00:01:13.500000000,234.73,2.58,40.75,1.86,0,none
2025-01-01 00:01:13.599999905,232.56,3.42,42.32,2.29,0,none
2025-01-01 00:01:13.700000048,239.83,3.4,47.74,2.71,0,none
2025-01-01 00:01:13.799999952,246.65,6.43,57.43,1.69,0,none
2025-01-01 00:01:13.900000095,240.14,7.57,51.83,2.05,0,none
2025-01-01 00:01:14.000000000,211.59,4.84,48.32,2.17,0,none
2025-01-01 00:01:14.099999905,217.2,4.75,48.71,1.5,0,none
2025-01-01 00:01:14.200000048,223.75,5.11,45.35,2.01,0,none
2025-01-01 00:01:14.299999952,230.26,6.74,49.47,1.27,0,none
2025-01-01 00:01:14.400000095,235.18,3.61,24.76,1.12,0,none
2025-01-01 00:01:14.500000000,222.74,5.36,42.63,2.18,0,none
2025-01-01 00:01:14.599999905,231.87,6.46,46.93,1.81,0,none
2025-01-01 00:01:14.700000048,222.45,5.75,35.79,2.1,0,none
2025-01-01 00:01:14.799999952,223.88,5.28,48.09,1.99,0,none
2025-01-01 00:01:14.900000095,215.93,6.5,43.36,1.51,0,none
2025-01-01 00:01:15.000000000,220.77,0.95,59.04,1.98,0,none
2025-01-01 00:01:15.099999905,216.48,6.02,57.58,1.38,0,none
2025-01-01 00:01:15.200000048,220.24,4.02,41.27,2.7,0,none
2025-01-01 00:01:15.299999952,240.54,2.25,43.79,1.32,0,none
2025-01-01 00:01:15.400000095,220.51,5.77,44.41,1.9,0,none
2025-01-01 00:01:15.500000000,256.32,7.06,41.39,1.48,1,cable_cut
2025-01-01 00:01:15.599999905,234.93,4.79,46.56,2.29,0,none
2025-01-01 00:01:15.700000048,231.85,6.43,38.93,1.83,0,none
2025-01-01 00:01:15.799999952,221.42,7.42,35.96,1.74,0,none
2025-01-01 00:01:15.900000095,237.0,6.97,49.98,2.43,0,none
2025-01-01 00:01:16.000000000,224.24,7.46,50.04,2.01,0,none
2025-01-01 00:01:16.099999905,231.22,6.11,38.57,2.26,0,none
2025-01-01 00:01:16.200000048,255.6,5.11,52.16,1.51,1,cable_cut
2025-01-01 00:01:16.299999952,229.04,2.6,39.95,1.3,0,none
2025-01-01 00:01:16.400000095,241.49,4.63,47.03,2.05,0,none
2025-01-01 00:01:16.500000000,222.97,3.74,51.56,1.84,0,none
2025-01-01 00:01:16.599999905,229.65,8.26,44.73,2.31,1,cable_cut
2025-01-01 00:01:16.700000048,247.71,4.74,48.64,1.96,0,none
2025-01-01 00:01:16.799999952,223.73,5.18,40.87,2.1,0,none
2025-01-01 00:01:16.900000095,248.12,5.83,43.43,1.19,0,none
2025-01-01 00:01:17.000000000,237.08,5.07,43.35,2.94,0,none
2025-01-01 00:01:17.099999905,224.38,7.54,39.03,1.92,0,none
2025-01-01 00:01:17.200000048,236.32,4.07,43.59,2.35,0,none
2025-01-01 00:01:17.299999952,239.73,5.29,32.61,1.58,0,none
2025-01-01 00:01:17.400000095,236.22,3.89,41.07,2.15,0,none
2025-01-01 00:01:17.500000000,214.3,3.02,42.72,1.35,0,none
2025-01-01 00:01:17.599999905,222.73,4.08,42.95,2.23,0,none
2025-01-01 00:01:17.700000048,227.52,4.94,43.07,1.82,0,none
2025-01-01 00:01:17.799999952,229.26,4.36,44.51,2.01,0,none
2025-01-01 00:01:17.900000095,236.21,3.96,48.84,2.35,1,cable_cut
2025-01-01 00:01:18.000000000,231.78,2.89,52.0,1.38,0,none
2025-01-01 00:01:18.099999905,216.65,4.88,39.8,1.66,0,none
2025-01-01 00:01:18.200000048,233.8,2.74,35.37,2.23,0,none
2025-01-01 00:01:18.299999952,236.11,6.14,36.66,3.05,0,none
2025-01-01 00:01:18.400000095,235.6,5.12,41.1,1.93,0,none
2025-01-01 00:01:18.500000000,240.81,2.81,42.18,2.3,0,none
2025-01-01 00:01:18.599999905,238.34,4.54,38.84,1.95,0,none
2025-01-01 00:01:18.700000048,234.59,3.87,34.63,2.97,0,none
2025-01-01 00:01:18.799999952,229.3,5.48,41.35,1.13,0,none
2025-01-01 00:01:18.900000095,213.39,7.01,46.45,2.05,0,none
2025-01-01 00:01:19.000000000,234.3,2.19,49.76,1.19,0,none
2025-01-01 00:01:19.099999905,232.08,5.17,40.54,0.75,0,none
2025-01-01 00:01:19.200000048,232.72,4.76,41.7,2.15,0,none
2025-01-01 00:01:19.299999952,217.23,6.01,37.59,2.07,0,none
2025-01-01 00:01:19.400000095,219.19,5.32,44.75,1.86,0,none
2025-01-01 00:01:19.500000000,240.53,3.87,38.21,1.95,0,none
2025-01-01 00:01:19.599999905,229.6,4.52,49.59,3.55,1,cable_cut
2025-01-01 00:01:19.700000048,236.82,3.81,30.71,1.87,0,none
2025-01-01 00:01:19.799999952,230.28,6.61,42.12,2.26,0,none
2025-01-01 00:01:19.900000095,230.3,5.03,47.41,1.68,0,none
2025-01-01 00:01:20.000000000,239.38,7.85,46.47,2.15,0,none
2025-01-01 00:01:20.099999905,224.84,4.91,66.54,1.88,1,cable_cut
2025-01-01 00:01:20.200000048,230.96,3.94,47.8,1.79,0,none
2025-01-01 00:01:20.299999952,225.38,2.73,36.97,2.91,0,none
2025-01-01 00:01:20.400000095,225.66,2.3,44.24,2.59,0,none
2025-01-01 00:01:20.500000000,226.91,2.62,30.79,2.07,0,none
2025-01-01 00:01:20.599999905,232.22,5.4,44.36,0.85,0,none
2025-01-01 00:01:20.700000048,225.21,5.76,38.34,1.82,0,none
2025-01-01 00:01:20.799999952,242.56,2.63,52.32,3.35,0,none
2025-01-01 00:01:20.900000095,221.05,6.34,40.6,1.88,0,none
2025-01-01 00:01:21.000000000,228.13,4.28,44.07,2.55,0,none
2025-01-01 00:01:21.099999905,225.6,5.22,39.92,2.72,0,none
2025-01-01 00:01:21.200000048,244.47,7.42,58.91,2.11,0,none
2025-01-01 00:01:21.299999952,231.97,6.35,42.43,1.58,0,none
2025-01-01 00:01:21.400000095,240.32,4.6,59.66,0.78,0,none
2025-01-01 00:01:21.500000000,215.14,3.66,51.51,2.34,0,none
2025-01-01 00:01:21.599999905,232.67,1.77,48.86,1.59,0,none
2025-01-01 00:01:21.700000048,238.9,3.92,47.95,2.09,0,none
2025-01-01 00:01:21.799999952,230.82,4.68,48.15,1.38,0,none
2025-01-01 00:01:21.900000095,240.65,3.52,29.58,1.87,0,none
2025-01-01 00:01:22.000000000,224.83,4.8,42.77,2.02,0,none
2025-01-01 00:01:22.099999905,244.09,5.12,51.76,2.13,0,none
2025-01-01 00:01:22.200000048,252.99,4.66,44.61,1.44,1,cable_cut
2025-01-01 00:01:22.299999952,226.37,4.02,33.76,2.6,0,none
2025-01-01 00:01:22.400000095,225.54,5.25,44.58,1.7,0,none
2025-01-01 00:01:22.500000000,244.53,5.66,58.63,1.16,0,none
2025-01-01 00:01:22.599999905,245.8,3.36,54.98,1.95,0,none
2025-01-01 00:01:22.700000048,224.77,7.12,44.5,2.02,0,none
2025-01-01 00:01:22.799999952,225.8,4.85,52.61,2.08,0,none
2025-01-01 00:01:22.900000095,227.18,5.03,42.07,2.68,0,none
2025-01-01 00:01:23.000000000,216.56,6.06,31.37,1.88,0,none
2025-01-01 00:01:23.099999905,220.81,5.35,37.6,1.94,0,none
2025-01-01 00:01:23.200000048,219.96,6.43,57.5,1.45,0,none
2025-01-01 00:01:23.299999952,222.32,5.43,42.81,2.41,0,none
2025-01-01 00:01:23.400000095,229.65,4.08,43.05,2.09,0,none
2025-01-01 00:01:23.500000000,232.34,5.54,42.6,1.79,0,none
2025-01-01 00:01:23.599999905,245.51,3.28,60.23,1.05,1,cable_cut
2025-01-01 00:01:23.700000048,220.02,5.16,58.01,2.72,0,none
2025-01-01 00:01:23.799999952,239.84,4.95,62.75,1.39,1,cable_cut
2025-01-01 00:01:23.900000095,227.86,4.69,43.73,1.7,0,none
2025-01-01 00:01:24.000000000,229.51,4.81,47.36,2.18,0,none
2025-01-01 00:01:24.099999905,236.75,2.18,32.87,1.4,0,none
2025-01-01 00:01:24.200000048,218.77,4.18,56.82,1.25,0,none
2025-01-01 00:01:24.299999952,233.82,5.14,35.66,0.94,0,none
2025-01-01 00:01:24.400000095,231.66,5.24,46.73,2.36,0,none
2025-01-01 00:01:24.500000000,234.92,3.46,36.22,1.73,0,none
2025-01-01 00:01:24.599999905,232.89,6.9,40.29,3.46,0,none
2025-01-01 00:01:24.700000048,254.55,3.7,38.3,1.5,1,cable_cut
2025-01-01 00:01:24.799999952,223.62,6.45,40.14,1.54,0,none
2025-01-01 00:01:24.900000095,224.69,5.64,40.69,1.72,0,none
2025-01-01 00:01:25.000000000,223.77,4.03,40.61,2.12,1,cable_cut
2025-01-01 00:01:25.099999905,224.45,7.66,51.67,1.76,0,none
2025-01-01 00:01:25.200000048,223.63,3.21,36.16,2.31,0,none
2025-01-01 00:01:25.299999952,241.89,6.38,46.76,1.51,0,none
2025-01-01 00:01:25.400000095,244.21,6.5,54.74,1.31,0,none
2025-01-01 00:01:25.500000000,224.29,3.99,40.89,1.1,0,none
2025-01-01 00:01:25.599999905,221.68,7.09,39.26,0.89,0,none
2025-01-01 00:01:25.700000048,234.71,4.62,43.16,1.74,0,none
2025-01-01 00:01:25.799999952,224.48,5.43,54.44,1.85,0,none
2025-01-01 00:01:25.900000095,236.33,5.39,46.55,1.68,0,none
2025-01-01 00:01:26.000000000,232.03,4.8,40.75,2.62,0,none
2025-01-01 00:01:26.099999905,214.84,6.22,48.87,2.61,0,none
2025-01-01 00:01:26.200000048,245.48,6.19,36.18,1.83,0,none
2025-01-01 00:01:26.299999952,247.96,2.38,50.45,1.1,0,none
2025-01-01 00:01:26.400000095,223.87,6.96,48.27,1.72,0,none
2025-01-01 00:01:26.500000000,226.12,2.51,42.54,1.7,0,none
2025-01-01 00:01:26.599999905,232.86,6.55,38.29,1.67,0,none
2025-01-01 00:01:26.700000048,233.34,6.69,37.91,1.65,0,none
2025-01-01 00:01:26.799999952,236.59,3.36,49.28,1.67,0,none
2025-01-01 00:01:26.900000095,250.1,4.38,54.83,1.81,1,cable_cut
2025-01-01 00:01:27.000000000,228.23,3.34,39.9,1.68,0,none
2025-01-01 00:01:27.099999905,222.02,4.68,48.67,2.1,0,none
2025-01-01 00:01:27.200000048,216.21,4.54,28.3,2.18,0,none
2025-01-01 00:01:27.299999952,222.69,6.17,40.32,1.54,0,none
2025-01-01 00:01:27.400000095,229.67,6.97,44.75,2.64,0,none
2025-01-01 00:01:27.500000000,247.95,7.09,37.72,1.51,0,none
2025-01-01 00:01:27.599999905,224.82,4.16,37.51,1.19,0,none
2025-01-01 00:01:27.700000048,232.24,4.69,39.66,2.19,0,none
2025-01-01 00:01:27.799999952,229.84,2.47,47.34,1.59,0,none
2025-01-01 00:01:27.900000095,241.88,3.79,43.5,2.16,0,none
2025-01-01 00:01:28.000000000,255.27,6.45,27.09,0.8,1,cable_cut
2025-01-01 00:01:28.099999905,224.69,7.42,28.03,2.7,0,none
2025-01-01 00:01:28.200000048,225.11,3.15,40.15,2.34,0,none
2025-01-01 00:01:28.299999952,240.44,4.11,48.66,1.25,0,none
2025-01-01 00:01:28.400000095,236.82,4.96,23.02,1.26,0,none
2025-01-01 00:01:28.500000000,248.47,5.42,41.0,2.84,0,none
2025-01-01 00:01:28.599999905,235.84,3.79,40.79,1.63,0,none
2025-01-01 00:01:28.700000048,226.41,5.64,56.11,1.58,0,none
2025-01-01 00:01:28.799999952,235.91,4.29,41.92,0.87,0,none
2025-01-01 00:01:28.900000095,241.09,4.98,48.06,1.82,0,none
2025-01-01 00:01:29.000000000,238.2,5.82,46.13,1.89,0,none
2025-01-01 00:01:29.099999905,235.07,5.01,27.96,2.36,0,none
2025-01-01 00:01:29.200000048,240.67,4.35,51.15,1.3,0,none
2025-01-01 00:01:29.299999952,241.69,4.84,46.72,1.24,0,none
2025-01-01 00:01:29.400000095,243.82,4.87,49.07,2.23,0,none
2025-01-01 00:01:29.500000000,236.49,4.44,76.41,2.5,1,cable_cut
2025-01-01 00:01:29.599999905,228.33,4.61,28.33,1.21,0,none
2025-01-01 00:01:29.700000048,231.47,7.4,58.8,2.54,0,none
2025-01-01 00:01:29.799999952,242.07,5.84,42.7,2.02,0,none
2025-01-01 00:01:29.900000095,221.83,4.56,47.3,2.55,0,none
2025-01-01 00:01:30.000000000,233.69,6.05,44.64,1.96,0,none
2025-01-01 00:01:30.099999905,226.07,4.5,41.61,0.74,0,none
2025-01-01 00:01:30.200000048,230.29,6.76,40.44,1.92,0,none
2025-01-01 00:01:30.299999952,242.78,5.55,47.64,2.53,0,none
2025-01-01 00:01:30.400000095,231.91,4.84,32.86,1.55,0,none
2025-01-01 00:01:30.500000000,230.46,5.67,51.0,1.81,0,none
2025-01-01 00:01:30.599999905,216.4,2.64,41.67,1.91,0,none
2025-01-01 00:01:30.700000048,237.46,3.31,35.96,0.55,0,none
2025-01-01 00:01:30.799999952,236.45,3.21,41.4,2.84,0,none
2025-01-01 00:01:30.900000095,251.63,5.21,55.06,1.55,1,cable_cut
2025-01-01 00:01:31.000000000,226.92,7.6,40.72,2.25,0,none
2025-01-01 00:01:31.099999905,232.19,8.35,47.87,1.96,1,cable_cut
2025-01-01 00:01:31.200000048,232.49,5.96,39.15,2.63,0,none
2025-01-01 00:01:31.299999952,245.77,5.75,51.06,2.2,0,none
2025-01-01 00:01:31.400000095,229.05,2.3,50.48,1.88,0,none
2025-01-01 00:01:31.500000000,232.79,4.19,59.79,1.55,0,none
2025-01-01 00:01:31.599999905,236.08,3.82,43.6,2.4,0,none
2025-01-01 00:01:31.700000048,231.87,4.07,50.35,1.06,0,none
2025-01-01 00:01:31.799999952,225.54,4.75,45.78,2.32,0,none
2025-01-01 00:01:31.900000095,231.94,4.29,55.37,1.45,0,none
2025-01-01 00:01:32.000000000,240.74,2.03,39.25,2.63,0,none
2025-01-01 00:01:32.099999905,219.73,6.12,50.96,2.08,0,none
2025-01-01 00:01:32.200000048,231.33,3.39,43.44,2.32,0,none
2025-01-01 00:01:32.299999952,223.0,5.36,44.49,2.04,0,none
2025-01-01 00:01:32.400000095,241.95,8.11,45.73,1.12,1,cable_cut
2025-01-01 00:01:32.500000000,214.77,3.62,47.02,1.57,0,none
2025-01-01 00:01:32.599999905,224.41,1.2,44.07,2.34,0,none
2025-01-01 00:01:32.700000048,233.77,4.57,46.72,2.08,0,none
2025-01-01 00:01:32.799999952,245.66,6.65,57.62,2.59,0,none
2025-01-01 00:01:32.900000095,229.34,7.94,52.88,2.2,0,none
2025-01-01 00:01:33.000000000,224.45,3.16,51.95,1.52,0,none
2025-01-01 00:01:33.099999905,248.81,5.75,41.36,1.6,0,none
2025-01-01 00:01:33.200000048,215.52,4.3,37.89,2.05,0,none
2025-01-01 00:01:33.299999952,208.01,4.84,52.64,0.84,1,cable_cut
2025-01-01 00:01:33.400000095,234.4,8.97,52.01,2.84,1,cable_cut
2025-01-01 00:01:33.500000000,224.98,2.75,56.78,2.22,0,none
2025-01-01 00:01:33.599999905,219.79,5.38,40.17,2.61,0,none
2025-01-01 00:01:33.700000048,237.08,5.7,43.16,1.21,0,none
2025-01-01 00:01:33.799999952,232.44,6.63,31.88,2.62,0,none
2025-01-01 00:01:33.900000095,224.36,5.15,41.86,3.12,0,none
2025-01-01 00:01:34.000000000,217.2,5.46,52.97,1.34,0,none
2025-01-01 00:01:34.099999905,238.72,4.41,41.27,2.39,0,none
2025-01-01 00:01:34.200000048,236.5,5.4,50.12,2.0,0,none
2025-01-01 00:01:34.299999952,229.01,4.49,43.48,1.23,0,none
2025-01-01 00:01:34.400000095,248.47,5.93,47.59,2.25,0,none
2025-01-01 00:01:34.500000000,219.3,4.45,35.82,2.42,0,none
2025-01-01 00:01:34.599999905,214.74,5.57,45.68,1.7,0,none
2025-01-01 00:01:34.700000048,223.08,4.96,21.07,2.58,0,none
2025-01-01 00:01:34.799999952,229.54,6.69,43.5,1.17,0,none
2025-01-01 00:01:34.900000095,232.43,4.92,31.96,1.25,0,none
2025-01-01 00:01:35.000000000,227.59,2.34,54.65,2.07,0,none
2025-01-01 00:01:35.099999905,233.52,6.89,51.22,2.01,0,none
2025-01-01 00:01:35.200000048,217.48,3.64,48.73,1.64,0,none
2025-01-01 00:01:35.299999952,244.44,4.02,57.17,2.4,0,none
2025-01-01 00:01:35.400000095,229.18,4.11,37.41,2.27,0,none
2025-01-01 00:01:35.500000000,241.17,7.06,58.98,2.43,0,none
2025-01-01 00:01:35.599999905,233.43,1.8,52.46,1.94,0,none
2025-01-01 00:01:35.700000048,234.57,9.71,43.11,2.3,1,cable_cut
2025-01-01 00:01:35.799999952,235.7,6.58,54.08,1.78,0,none
2025-01-01 00:01:35.900000095,234.48,5.33,36.15,3.03,0,none
2025-01-01 00:01:36.000000000,236.43,4.92,38.4,1.59,0,none
2025-01-01 00:01:36.099999905,243.29,5.43,40.13,3.05,0,none
2025-01-01 00:01:36.200000048,231.97,5.78,40.77,2.02,0,none
2025-01-01 00:01:36.299999952,237.09,5.97,36.55,1.31,0,none
2025-01-01 00:01:36.400000095,229.1,5.83,54.78,2.68,0,none
2025-01-01 00:01:36.500000000,244.4,5.13,42.93,2.06,0,none
2025-01-01 00:01:36.599999905,223.24,4.7,47.82,2.43,0,none
2025-01-01 00:01:36.700000048,248.01,4.77,40.44,2.61,0,none
2025-01-01 00:01:36.799999952,229.6,4.71,30.44,2.17,0,none
2025-01-01 00:01:36.900000095,215.69,6.7,47.16,1.7,0,none
2025-01-01 00:01:37.000000000,231.28,5.89,29.7,2.49,0,none
2025-01-01 00:01:37.099999905,223.19,0.59,44.45,2.0,0,none
2025-01-01 00:01:37.200000048,238.41,5.98,34.05,2.34,0,none
2025-01-01 00:01:37.299999952,223.47,5.29,60.9,0.92,1,cable_cut
2025-01-01 00:01:37.400000095,225.54,4.97,52.29,2.22,0,none
2025-01-01 00:01:37.500000000,211.1,4.42,45.85,1.68,0,none
2025-01-01 00:01:37.599999905,225.48,6.69,55.11,2.83,0,none
2025-01-01 00:01:37.700000048,205.76,6.42,38.23,2.31,1,cable_cut
2025-01-01 00:01:37.799999952,214.16,3.84,49.35,2.12,0,none
2025-01-01 00:01:37.900000095,237.6,5.61,46.6,2.24,0,none
2025-01-01 00:01:38.000000000,237.86,3.54,47.11,1.5,0,none
2025-01-01 00:01:38.099999905,234.25,2.93,55.18,2.81,0,none
2025-01-01 00:01:38.200000048,220.33,4.06,50.86,3.0,0,none
2025-01-01 00:01:38.299999952,229.52,6.29,47.31,2.2,0,none
2025-01-01 00:01:38.400000095,229.96,6.43,31.76,2.8,0,none
2025-01-01 00:01:38.500000000,218.42,5.77,37.32,1.72,0,none
2025-01-01 00:01:38.599999905,245.03,6.09,44.02,1.6,0,none
2025-01-01 00:01:38.700000048,238.77,5.77,45.75,2.02,0,none
2025-01-01 00:01:38.799999952,227.79,4.04,35.96,2.22,0,none
2025-01-01 00:01:38.900000095,230.27,5.65,64.29,1.8,1,cable_cut
2025-01-01 00:01:39.000000000,232.08,6.2,57.13,2.27,0,none
2025-01-01 00:01:39.099999905,209.58,6.13,49.82,2.15,1,cable_cut
2025-01-01 00:01:39.200000048,227.53,6.78,45.58,1.5,0,none
2025-01-01 00:01:39.299999952,223.18,6.06,43.3,2.26,0,none
2025-01-01 00:01:39.400000095,219.98,5.53,37.38,2.43,0,none
2025-01-01 00:01:39.500000000,227.19,6.61,45.62,2.09,0,none
2025-01-01 00:01:39.599999905,247.98,4.96,47.06,2.58,0,none
2025-01-01 00:01:39.700000048,236.41,3.68,35.07,1.39,0,none
2025-01-01 00:01:39.799999952,224.29,4.76,47.67,2.23,0,none
2025-01-01 00:01:39.900000095,235.73,3.88,43.76,1.41,0,none
