timestamp,voltage,current,temperature,vibration,acoustic_strain,optical_osnr,optical_ber,optical_power,cable_distance_norm,cable_domain_id,label,fault_type
2026-09-22 00:00:00,210.529,5.982,23.8,0.5543,0.00546,22.155,-6.9438,-4.885,0.0,2,0,none
2026-09-22 00:00:01,211.464,5.831,21.36,0.2773,0.01996,22.488,-7.0029,-4.891,0.002004008016032064,2,0,none
2026-09-22 00:00:02,208.658,5.455,24.55,0.2123,6e-05,22.507,-7.0375,-5.159,0.004008016032064128,2,0,none
2026-09-22 00:00:03,210.352,5.186,28.28,0.3753,0.01066,22.689,-6.7381,-4.866,0.0060120240480961915,2,0,none
2026-09-22 00:00:04,208.918,5.647,21.12,0.351,0.00688,21.953,-6.8321,-4.653,0.008016032064128256,2,0,none
2026-09-22 00:00:05,209.679,5.55,20.93,0.3118,0.00749,22.737,-6.7431,-5.055,0.01002004008016032,2,0,none
2026-09-22 00:00:06,209.533,5.92,28.37,0.5207,0.0196,21.418,-6.6964,-4.59,0.012024048096192383,2,0,none
2026-09-22 00:00:07,209.073,5.741,24.92,0.5673,0.03915,22.248,-6.7602,-4.702,0.014028056112224447,2,0,none
2026-09-22 00:00:08,210.236,5.76,20.23,0.4027,0.01336,22.305,-6.7013,-4.947,0.01603206412825651,2,0,none
2026-09-22 00:00:09,209.625,5.191,24.13,0.6812,0.00387,22.753,-6.8104,-4.828,0.018036072144288574,2,0,none
2026-09-22 00:00:10,209.731,5.948,20.14,0.1711,0.02696,22.509,-6.978,-4.48,0.02004008016032064,2,0,none
2026-09-22 00:00:11,209.732,5.548,20.27,0.3538,0.00031,21.938,-6.6413,-4.653,0.022044088176352703,2,0,none
2026-09-22 00:00:12,209.581,6.225,22.84,0.2659,0.03801,22.106,-6.8884,-4.798,0.024048096192384766,2,0,none
2026-09-22 00:00:13,209.001,5.189,14.21,0.0366,0.02046,22.579,-6.9403,-4.848,0.026052104208416832,2,0,none
2026-09-22 00:00:14,209.793,6.069,15.05,0.3672,0.03287,22.468,-6.8267,-4.785,0.028056112224448895,2,0,none
2026-09-22 00:00:15,210.538,5.538,19.86,0.3602,0.00782,22.268,-6.9369,-4.902,0.03006012024048096,2,0,none
2026-09-22 00:00:16,210.316,5.22,17.8,0.6936,0.02335,22.308,-6.8626,-5.221,0.03206412825651302,2,0,none
2026-09-22 00:00:17,208.627,5.165,22.98,0.5097,0.01448,22.778,-6.7484,-4.392,0.03406813627254509,2,0,none
2026-09-22 00:00:18,210.269,5.323,18.33,0.1958,0.01289,22.293,-6.7477,-4.769,0.03607214428857715,2,0,none
2026-09-22 00:00:19,210.221,5.56,16.41,0.7902,0.05478,22.465,-6.9347,-4.72,0.038076152304609215,2,0,none
2026-09-22 00:00:20,208.7,5.647,27.99,0.6293,0.02372,23.368,-6.8732,-4.812,0.04008016032064128,2,0,none
2026-09-22 00:00:21,210.512,5.393,21.06,0.5413,0.03081,21.931,-6.6389,-4.947,0.04208416833667334,2,0,none
2026-09-22 00:00:22,209.885,5.46,22.23,0.349,0.01106,21.759,-6.7255,-4.837,0.044088176352705406,2,0,none
2026-09-22 00:00:23,210.058,6.206,16.42,0.2157,0.00508,22.813,-6.4887,-5.12,0.04609218436873747,2,0,none
2026-09-22 00:00:24,208.492,6.118,19.64,0.3122,0.01508,22.229,-6.623,-4.345,0.04809619238476953,2,0,none
2026-09-22 00:00:25,208.63,5.631,22.41,0.6162,0.00765,22.373,-6.6284,-5.047,0.0501002004008016,2,0,none
2026-09-22 00:00:26,209.255,5.485,17.42,0.7559,0.0225,22.188,-7.0082,-5.006,0.052104208416833664,2,0,none
2026-09-22 00:00:27,210.41,5.524,23.55,0.725,0.03486,22.396,-6.6854,-4.888,0.05410821643286573,2,0,none
2026-09-22 00:00:28,210.268,5.774,19.55,0.3139,0.00819,23.139,-6.808,-4.542,0.05611222444889779,2,0,none
2026-09-22 00:00:29,209.139,5.025,20.84,0.1721,0.00553,22.821,-6.8826,-4.797,0.058116232464929855,2,0,none
2026-09-22 00:00:30,210.746,5.381,19.35,0.4331,0.00227,22.845,-6.7748,-5.047,0.06012024048096192,2,0,none
2026-09-22 00:00:31,208.396,4.803,29.35,0.0585,0.00918,21.934,-6.6582,-4.549,0.06212424849699398,2,0,none
2026-09-22 00:00:32,210.091,5.621,22.0,0.4417,0.00376,22.04,-6.7249,-4.654,0.06412825651302605,2,0,none
2026-09-22 00:00:33,209.195,5.637,17.68,0.3703,0.00207,21.364,-6.9318,-4.692,0.06613226452905811,2,0,none
2026-09-22 00:00:34,209.803,5.255,25.3,0.3237,0.00428,22.176,-6.6886,-4.657,0.06813627254509018,2,0,none
2026-09-22 00:00:35,210.865,6.002,17.17,0.0879,0.01941,22.883,-6.8956,-4.321,0.07014028056112225,2,0,none
2026-09-22 00:00:36,209.438,5.058,22.81,0.4913,0.00838,22.707,-6.7675,-4.363,0.0721442885771543,2,0,none
2026-09-22 00:00:37,209.544,4.969,14.19,0.2847,0.00441,22.411,-6.8455,-4.937,0.07414829659318636,2,0,none
2026-09-22 00:00:38,210.787,5.469,16.6,0.142,0.02542,22.491,-6.8328,-4.475,0.07615230460921843,2,0,none
2026-09-22 00:00:39,209.014,5.83,22.78,0.2027,0.00757,22.224,-6.6851,-4.723,0.0781563126252505,2,0,none
2026-09-22 00:00:40,210.451,6.021,25.02,0.3761,0.01797,22.582,-6.956,-4.7,0.08016032064128256,2,0,none
2026-09-22 00:00:41,208.985,5.222,22.71,0.7585,0.00075,22.806,-6.5082,-5.138,0.08216432865731463,2,0,none
2026-09-22 00:00:42,210.261,5.827,21.49,0.7248,0.01319,21.854,-7.0732,-4.834,0.08416833667334668,2,0,none
2026-09-22 00:00:43,211.184,5.421,20.83,0.3051,0.03533,22.62,-6.8897,-4.963,0.08617234468937875,2,0,none
2026-09-22 00:00:44,207.802,5.509,16.17,0.2821,0.02077,22.873,-6.7445,-4.634,0.08817635270541081,2,0,none
2026-09-22 00:00:45,209.707,5.79,18.93,0.475,0.00186,22.334,-6.7124,-4.586,0.09018036072144288,2,0,none
2026-09-22 00:00:46,210.456,5.616,20.28,0.1891,0.01022,22.78,-6.8151,-5.215,0.09218436873747494,2,0,none
2026-09-22 00:00:47,209.837,4.854,26.21,0.4647,0.05107,23.626,-6.8086,-4.804,0.09418837675350701,2,0,none
2026-09-22 00:00:48,210.195,6.033,23.43,0.5504,0.00337,22.458,-6.7384,-4.576,0.09619238476953906,2,0,none
2026-09-22 00:00:49,209.57,6.051,15.08,0.6211,0.00652,22.657,-6.8347,-4.837,0.09819639278557113,2,0,none
2026-09-22 00:00:50,210.316,5.145,23.17,0.3656,0.00781,22.205,-6.591,-4.654,0.1002004008016032,2,0,none
2026-09-22 00:00:51,209.617,5.498,20.4,0.3656,0.00308,22.573,-6.6741,-4.73,0.10220440881763526,2,0,none
2026-09-22 00:00:52,210.725,5.721,19.27,0.2063,0.00641,22.684,-6.6691,-4.732,0.10420841683366733,2,0,none
2026-09-22 00:00:53,210.11,5.563,24.38,0.2599,0.03559,22.578,-6.9449,-4.854,0.1062124248496994,2,0,none
2026-09-22 00:00:54,209.863,5.208,26.31,0.3665,0.0188,22.092,-6.8119,-5.043,0.10821643286573146,2,0,none
2026-09-22 00:00:55,209.429,5.235,25.65,0.4491,0.00953,22.583,-6.8451,-5.024,0.11022044088176351,2,0,none
2026-09-22 00:00:56,209.472,5.309,18.6,0.5705,0.03432,23.085,-6.9508,-4.658,0.11222444889779558,2,0,none
2026-09-22 00:00:57,209.921,5.872,20.8,0.2168,0.00195,22.679,-6.746,-4.796,0.11422845691382764,2,0,none
2026-09-22 00:00:58,210.39,5.662,23.22,0.6758,0.00656,22.885,-6.8806,-4.828,0.11623246492985971,2,0,none
2026-09-22 00:00:59,209.726,5.363,25.88,0.3468,0.01905,22.405,-6.7017,-4.885,0.11823647294589178,2,0,none
2026-09-22 00:01:00,210.484,5.677,20.13,0.3754,0.01622,22.8,-6.9605,-4.861,0.12024048096192384,2,0,none
2026-09-22 00:01:01,211.597,4.429,21.24,0.2407,0.00734,22.612,-6.5421,-4.591,0.1222444889779559,2,0,none
2026-09-22 00:01:02,210.805,5.817,17.58,0.1536,0.01481,22.12,-6.9344,-4.867,0.12424849699398796,2,0,none
2026-09-22 00:01:03,209.712,4.836,17.18,0.5757,0.0173,22.627,-6.7671,-5.068,0.12625250501002003,2,0,none
2026-09-22 00:01:04,211.028,5.275,25.11,0.5415,0.00303,22.103,-6.6812,-4.651,0.1282565130260521,2,0,none
2026-09-22 00:01:05,209.503,5.027,27.47,0.3198,0.00597,22.247,-6.8856,-4.841,0.13026052104208416,2,0,none
2026-09-22 00:01:06,207.659,4.934,21.9,0.393,0.01565,22.576,-6.6721,-4.794,0.13226452905811623,2,0,none
2026-09-22 00:01:07,209.164,5.9,26.03,0.4997,0.01414,22.619,-6.9844,-4.478,0.1342685370741483,2,0,none
2026-09-22 00:01:08,208.95,5.325,23.48,0.067,0.04169,22.024,-6.5822,-4.804,0.13627254509018036,2,0,none
2026-09-22 00:01:09,210.0,5.563,19.5,0.2873,0.02016,22.922,-6.7979,-4.742,0.13827655310621242,2,0,none
2026-09-22 00:01:10,210.304,5.435,23.33,0.5398,0.0068,22.729,-6.8895,-5.036,0.1402805611222445,2,0,none
2026-09-22 00:01:11,211.694,5.549,28.34,0.1504,0.00463,22.218,-6.8449,-4.844,0.14228456913827653,2,0,none
2026-09-22 00:01:12,210.285,5.463,21.89,0.4401,0.01573,21.885,-6.6787,-4.678,0.1442885771543086,2,0,none
2026-09-22 00:01:13,209.886,4.986,28.44,0.1076,0.01119,22.442,-6.8877,-5.111,0.14629258517034066,2,0,none
2026-09-22 00:01:14,210.47,5.94,11.46,0.4937,0.05666,22.322,-6.9124,-4.76,0.14829659318637273,2,0,none
2026-09-22 00:01:15,190.156,5.217,25.49,2.2347,0.02718,22.545,-6.8332,-4.78,0.1503006012024048,2,1,anchor_drag
2026-09-22 00:01:16,200.367,4.963,22.44,1.9285,0.01521,22.355,-6.9765,-4.792,0.15230460921843686,2,1,anchor_drag
2026-09-22 00:01:17,197.351,5.346,20.88,2.2458,0.03486,21.697,-6.5269,-4.593,0.15430861723446893,2,1,anchor_drag
2026-09-22 00:01:18,195.667,6.004,22.41,3.1372,0.01215,22.345,-6.885,-4.733,0.156312625250501,2,1,anchor_drag
2026-09-22 00:01:19,197.011,5.844,14.04,2.6039,0.03136,22.378,-6.6753,-4.504,0.15831663326653306,2,1,anchor_drag
2026-09-22 00:01:20,188.179,5.343,21.26,2.9582,0.02896,22.753,-6.7686,-4.999,0.16032064128256512,2,1,anchor_drag
2026-09-22 00:01:21,195.657,5.344,23.46,3.4987,0.01877,22.221,-6.9477,-4.773,0.1623246492985972,2,1,anchor_drag
2026-09-22 00:01:22,197.194,5.332,27.73,2.2287,0.00352,23.171,-6.8009,-4.783,0.16432865731462926,2,1,anchor_drag
2026-09-22 00:01:23,193.54,6.259,19.83,2.8441,0.00166,21.735,-6.6824,-5.014,0.16633266533066132,2,1,anchor_drag
2026-09-22 00:01:24,186.994,5.642,18.77,2.0204,0.00262,23.024,-6.8282,-4.609,0.16833667334669336,2,1,anchor_drag
2026-09-22 00:01:25,196.21,5.574,20.04,2.3197,0.02256,22.41,-6.621,-4.335,0.17034068136272543,2,1,anchor_drag
2026-09-22 00:01:26,198.307,5.755,25.67,3.1711,0.01752,22.844,-6.6468,-4.803,0.1723446893787575,2,1,anchor_drag
2026-09-22 00:01:27,193.939,5.526,23.46,2.9701,0.01612,22.532,-6.6622,-4.699,0.17434869739478956,2,1,anchor_drag
2026-09-22 00:01:28,189.305,5.317,19.71,2.2602,0.02021,22.956,-6.8689,-4.783,0.17635270541082163,2,1,anchor_drag
2026-09-22 00:01:29,191.499,5.376,24.09,2.4654,0.00089,22.345,-6.962,-4.943,0.1783567134268537,2,1,anchor_drag
2026-09-22 00:01:30,210.155,5.486,22.23,0.1819,0.02757,22.061,-6.892,-5.164,0.18036072144288576,2,0,none
2026-09-22 00:01:31,209.713,5.414,25.97,0.2214,0.01343,23.068,-6.7706,-4.941,0.18236472945891782,2,0,none
2026-09-22 00:01:32,210.565,5.71,19.2,0.5084,0.0011,22.455,-6.7181,-5.078,0.1843687374749499,2,0,none
2026-09-22 00:01:33,209.922,5.472,20.75,0.5854,0.01845,22.589,-7.1257,-4.459,0.18637274549098196,2,0,none
2026-09-22 00:01:34,211.131,5.756,20.37,0.1228,0.00015,22.994,-6.8012,-4.823,0.18837675350701402,2,0,none
2026-09-22 00:01:35,209.575,5.309,16.29,0.196,0.02957,22.087,-6.7763,-4.869,0.1903807615230461,2,0,none
2026-09-22 00:01:36,209.988,5.448,23.31,0.5183,0.00975,22.738,-6.8416,-4.622,0.19238476953907813,2,0,none
2026-09-22 00:01:37,208.906,4.741,23.12,0.8066,0.02873,22.264,-6.6063,-5.024,0.1943887775551102,2,0,none
2026-09-22 00:01:38,209.183,5.84,22.03,0.3859,0.01388,22.447,-6.7367,-4.953,0.19639278557114226,2,0,none
2026-09-22 00:01:39,210.543,5.55,21.14,0.2339,0.01433,22.529,-6.6035,-4.786,0.19839679358717432,2,0,none
2026-09-22 00:01:40,210.711,5.715,16.29,0.3549,0.03461,21.9,-6.8324,-4.594,0.2004008016032064,2,0,none
2026-09-22 00:01:41,209.001,4.438,20.43,0.6644,0.02668,22.188,-6.6594,-4.7,0.20240480961923846,2,0,none
2026-09-22 00:01:42,210.426,6.17,20.82,0.2868,0.04995,23.04,-6.5547,-4.75,0.20440881763527052,2,0,none
2026-09-22 00:01:43,211.408,5.34,18.92,0.2152,0.00092,22.854,-6.6032,-4.784,0.2064128256513026,2,0,none
2026-09-22 00:01:44,209.97,5.818,21.3,0.2941,0.01282,22.475,-6.9638,-4.72,0.20841683366733466,2,0,none
2026-09-22 00:01:45,211.975,5.066,23.68,0.2002,0.05649,22.597,-6.8381,-4.76,0.21042084168336672,2,0,none
2026-09-22 00:01:46,209.119,5.64,29.44,0.4151,0.02638,22.382,-6.8518,-5.006,0.2124248496993988,2,0,none
2026-09-22 00:01:47,209.209,4.96,22.78,0.7216,0.0004,23.043,-6.7266,-4.791,0.21442885771543085,2,0,none
2026-09-22 00:01:48,208.497,5.27,23.1,0.4666,0.00359,22.42,-6.697,-5.015,0.21643286573146292,2,0,none
2026-09-22 00:01:49,211.362,6.203,21.54,0.3328,0.0269,22.593,-6.9258,-4.784,0.21843687374749496,2,0,none
2026-09-22 00:01:50,210.353,5.414,14.23,0.3173,0.00719,22.958,-6.7898,-4.896,0.22044088176352702,2,0,none
2026-09-22 00:01:51,209.907,5.471,21.89,0.0646,0.00997,22.189,-7.103,-4.292,0.2224448897795591,2,0,none
2026-09-22 00:01:52,210.233,5.753,22.24,0.5552,0.01902,23.124,-6.5837,-4.808,0.22444889779559116,2,0,none
2026-09-22 00:01:53,208.811,5.628,31.76,0.3673,0.00684,21.888,-6.8769,-5.081,0.22645290581162322,2,0,none
2026-09-22 00:01:54,212.153,5.534,21.29,0.3528,0.02014,23.152,-6.7916,-4.827,0.2284569138276553,2,0,none
2026-09-22 00:01:55,209.948,5.615,23.26,1.0283,0.00096,22.351,-6.8464,-4.696,0.23046092184368736,2,0,none
2026-09-22 00:01:56,210.018,6.279,21.87,0.4545,0.01128,22.403,-6.6281,-4.465,0.23246492985971942,2,0,none
2026-09-22 00:01:57,210.275,5.433,17.28,0.2303,0.02988,21.744,-7.2256,-4.918,0.2344689378757515,2,0,none
2026-09-22 00:01:58,209.611,5.545,26.7,0.3136,0.0251,22.318,-6.8025,-5.116,0.23647294589178355,2,0,none
2026-09-22 00:01:59,210.119,5.901,25.2,0.6226,0.00995,22.084,-6.8159,-4.637,0.23847695390781562,2,0,none
2026-09-22 00:02:00,210.1,5.883,25.14,0.4251,0.02536,22.257,-6.868,-5.076,0.24048096192384769,2,0,none
2026-09-22 00:02:01,210.608,5.917,18.33,0.0944,0.00337,22.445,-6.5411,-4.887,0.24248496993987975,2,0,none
2026-09-22 00:02:02,211.48,5.684,27.69,0.5984,0.00137,22.883,-6.9331,-4.852,0.2444889779559118,2,0,none
2026-09-22 00:02:03,210.983,5.109,16.38,0.2423,0.03493,22.583,-6.6842,-4.814,0.24649298597194386,2,0,none
2026-09-22 00:02:04,211.265,6.059,24.36,0.7876,0.00663,22.623,-6.7466,-4.662,0.24849699398797592,2,0,none
2026-09-22 00:02:05,209.761,4.994,30.86,0.61,0.02094,22.062,-6.6108,-4.937,0.250501002004008,2,0,none
2026-09-22 00:02:06,208.864,5.629,17.87,0.3022,0.03422,22.148,-6.9001,-4.855,0.25250501002004005,2,0,none
2026-09-22 00:02:07,210.235,5.213,19.89,0.6465,0.01048,23.219,-6.9099,-4.803,0.2545090180360721,2,0,none
2026-09-22 00:02:08,210.259,5.405,22.43,0.4194,0.008,22.206,-6.6356,-4.77,0.2565130260521042,2,0,none
2026-09-22 00:02:09,211.079,5.544,19.97,0.5582,0.0149,23.162,-6.7362,-4.78,0.25851703406813625,2,0,none
2026-09-22 00:02:10,208.795,5.581,15.82,0.4839,0.0021,22.403,-7.0317,-4.713,0.2605210420841683,2,0,none
2026-09-22 00:02:11,211.214,5.625,22.3,0.2184,0.01226,22.501,-6.8809,-4.631,0.2625250501002004,2,0,none
2026-09-22 00:02:12,210.077,6.041,17.61,0.251,0.00051,22.928,-6.742,-4.721,0.26452905811623245,2,0,none
2026-09-22 00:02:13,209.841,5.629,24.07,0.5959,0.00434,23.009,-6.6743,-4.709,0.2665330661322645,2,0,none
2026-09-22 00:02:14,209.095,5.447,18.36,0.3165,0.00117,22.456,-6.9019,-5.116,0.2685370741482966,2,0,none
2026-09-22 00:02:15,208.521,5.851,28.27,0.2996,0.01208,22.345,-7.2371,-4.79,0.27054108216432865,2,0,none
2026-09-22 00:02:16,210.68,5.888,18.99,0.1908,0.00686,22.478,-6.7215,-4.704,0.2725450901803607,2,0,none
2026-09-22 00:02:17,210.523,5.055,20.64,0.4671,0.04172,22.635,-6.983,-4.654,0.2745490981963928,2,0,none
2026-09-22 00:02:18,208.61,5.613,25.33,0.79,0.01947,22.857,-7.1026,-4.938,0.27655310621242485,2,0,none
2026-09-22 00:02:19,208.537,5.722,17.08,0.1706,0.00598,22.502,-7.2248,-4.932,0.2785571142284569,2,0,none
2026-09-22 00:02:20,209.784,5.433,23.03,0.3898,0.01547,22.748,-6.6779,-4.915,0.280561122244489,2,0,none
2026-09-22 00:02:21,211.333,5.934,27.05,0.6611,0.03797,23.155,-6.7807,-4.693,0.282565130260521,2,0,none
2026-09-22 00:02:22,209.847,5.354,15.59,0.3789,0.00174,22.653,-6.8338,-4.593,0.28456913827655306,2,0,none
2026-09-22 00:02:23,208.886,5.463,22.71,0.4662,0.02072,22.625,-6.5916,-4.881,0.2865731462925851,2,0,none
2026-09-22 00:02:24,209.739,5.333,23.11,0.1787,0.01713,21.892,-6.7044,-4.618,0.2885771543086172,2,0,none
2026-09-22 00:02:25,210.232,5.416,25.21,0.4829,0.00796,21.448,-6.5576,-4.775,0.29058116232464926,2,0,none
2026-09-22 00:02:26,207.39,5.037,17.01,0.3427,0.00789,22.655,-7.0089,-4.825,0.2925851703406813,2,0,none
2026-09-22 00:02:27,209.709,4.861,16.68,0.5764,0.00852,22.462,-6.8052,-4.842,0.2945891783567134,2,0,none
2026-09-22 00:02:28,209.787,6.025,24.11,0.6281,0.00901,22.294,-7.0425,-4.651,0.29659318637274545,2,0,none
2026-09-22 00:02:29,210.057,5.19,23.13,0.9015,0.00524,22.597,-6.8344,-4.735,0.2985971943887775,2,0,none
2026-09-22 00:02:30,211.407,5.048,23.12,0.4991,0.01112,22.476,-6.8373,-4.345,0.3006012024048096,2,0,none
2026-09-22 00:02:31,211.388,4.751,23.38,0.4512,0.0381,22.951,-6.706,-4.97,0.30260521042084165,2,0,none
2026-09-22 00:02:32,209.794,5.246,19.02,0.4228,0.00868,22.534,-6.7932,-4.696,0.3046092184368737,2,0,none
2026-09-22 00:02:33,209.196,5.025,22.92,0.3209,0.03444,22.201,-6.7065,-4.906,0.3066132264529058,2,0,none
2026-09-22 00:02:34,211.654,6.008,23.1,0.4457,0.01534,22.896,-6.6945,-4.974,0.30861723446893785,2,0,none
2026-09-22 00:02:35,209.862,5.856,19.01,0.3232,0.01208,22.413,-6.4768,-4.802,0.3106212424849699,2,0,none
2026-09-22 00:02:36,209.898,5.148,29.37,0.4088,0.00896,22.711,-6.8473,-4.773,0.312625250501002,2,0,none
2026-09-22 00:02:37,209.886,6.305,23.94,0.6802,0.0243,22.309,-6.9412,-4.216,0.31462925851703405,2,0,none
2026-09-22 00:02:38,210.541,5.812,17.4,0.1769,0.04417,22.24,-6.7631,-4.837,0.3166332665330661,2,0,none
2026-09-22 00:02:39,210.053,5.361,24.69,0.6472,0.00461,22.534,-6.9203,-5.026,0.3186372745490982,2,0,none
2026-09-22 00:02:40,209.214,4.491,18.08,0.6456,0.00272,22.505,-6.5777,-4.745,0.32064128256513025,2,0,none
2026-09-22 00:02:41,209.642,6.23,25.23,0.3659,0.00105,22.692,-6.8425,-5.215,0.3226452905811623,2,0,none
2026-09-22 00:02:42,210.124,4.98,26.62,0.0568,0.0029,22.393,-6.8848,-4.818,0.3246492985971944,2,0,none
2026-09-22 00:02:43,209.913,4.81,18.68,0.2597,0.00086,21.765,-6.8707,-4.797,0.32665330661322645,2,0,none
2026-09-22 00:02:44,209.911,5.841,25.77,0.6583,0.02046,22.327,-6.6922,-4.641,0.3286573146292585,2,0,none
2026-09-22 00:02:45,209.78,6.26,23.51,0.3956,0.00381,22.818,-6.8237,-4.605,0.3306613226452906,2,0,none
2026-09-22 00:02:46,209.555,5.991,25.29,0.1898,0.01148,22.381,-6.8963,-4.901,0.33266533066132264,2,0,none
2026-09-22 00:02:47,210.81,5.591,29.64,0.2859,0.00562,22.401,-6.5502,-4.83,0.33466933867735466,2,0,none
2026-09-22 00:02:48,207.837,5.692,21.05,0.546,0.01159,22.895,-6.9284,-4.953,0.3366733466933867,2,0,none
2026-09-22 00:02:49,211.002,5.789,18.98,0.4911,0.02824,22.215,-6.7947,-5.026,0.3386773547094188,2,0,none
2026-09-22 00:02:50,211.28,5.688,18.38,0.3478,0.01256,21.883,-6.7022,-4.738,0.34068136272545085,2,0,none
2026-09-22 00:02:51,208.34,5.58,18.83,0.3191,0.00198,22.436,-7.0447,-5.055,0.3426853707414829,2,0,none
2026-09-22 00:02:52,209.633,5.501,21.6,0.3195,0.00677,22.306,-6.728,-4.883,0.344689378757515,2,0,none
2026-09-22 00:02:53,209.752,5.401,23.48,0.2069,0.01985,22.114,-6.9583,-4.999,0.34669338677354705,2,0,none
2026-09-22 00:02:54,208.638,5.128,23.04,0.6994,0.00041,22.43,-6.6766,-4.69,0.3486973947895791,2,0,none
2026-09-22 00:02:55,210.013,5.251,25.27,0.312,0.02931,22.697,-6.9444,-4.44,0.3507014028056112,2,0,none
2026-09-22 00:02:56,208.641,4.858,21.94,0.6199,0.03538,22.496,-6.6961,-5.06,0.35270541082164325,2,0,none
2026-09-22 00:02:57,211.439,5.336,27.8,0.6823,0.00733,22.623,-6.6341,-5.171,0.3547094188376753,2,0,none
2026-09-22 00:02:58,211.346,5.099,21.08,0.5985,0.00768,23.225,-6.6708,-4.825,0.3567134268537074,2,0,none
2026-09-22 00:02:59,211.006,5.04,32.97,0.2904,0.00405,22.363,-6.7623,-4.797,0.35871743486973945,2,0,none
2026-09-22 00:03:00,210.513,5.549,24.64,0.4781,0.00036,22.611,-6.8347,-4.756,0.3607214428857715,2,0,none
2026-09-22 00:03:01,209.001,5.936,18.66,0.378,0.01953,22.296,-6.8865,-4.889,0.3627254509018036,2,0,none
2026-09-22 00:03:02,209.532,5.764,17.65,0.1978,0.00091,22.161,-6.5793,-4.84,0.36472945891783565,2,0,none
2026-09-22 00:03:03,210.798,4.921,23.94,0.4645,0.02466,22.266,-6.9049,-4.726,0.3667334669338677,2,0,none
2026-09-22 00:03:04,208.372,5.11,21.07,0.1513,0.02782,22.308,-6.9556,-4.592,0.3687374749498998,2,0,none
2026-09-22 00:03:05,211.023,5.804,25.03,0.6295,0.02712,22.644,-6.7002,-5.191,0.37074148296593185,2,0,none
2026-09-22 00:03:06,209.383,5.12,23.81,0.3318,0.00392,23.44,-6.9194,-4.874,0.3727454909819639,2,0,none
2026-09-22 00:03:07,209.624,5.292,21.84,0.4205,0.02085,22.214,-6.9425,-4.757,0.374749498997996,2,0,none
2026-09-22 00:03:08,210.433,5.686,18.74,0.4572,0.01141,22.333,-7.0165,-4.984,0.37675350701402804,2,0,none
2026-09-22 00:03:09,210.527,5.132,16.16,0.3263,0.00663,22.475,-6.8724,-4.454,0.3787575150300601,2,0,none
2026-09-22 00:03:10,209.236,5.437,20.21,0.503,0.01037,22.658,-6.8124,-4.927,0.3807615230460922,2,0,none
2026-09-22 00:03:11,211.054,4.958,25.54,0.2968,0.01706,22.605,-6.7635,-4.808,0.38276553106212424,2,0,none
2026-09-22 00:03:12,209.754,5.232,23.13,0.5736,0.00059,23.014,-6.6573,-4.689,0.38476953907815625,2,0,none
2026-09-22 00:03:13,210.077,5.558,17.0,0.127,0.01033,21.529,-6.721,-4.918,0.3867735470941883,2,0,none
2026-09-22 00:03:14,210.525,4.893,22.58,0.4177,0.01963,21.545,-6.8286,-5.169,0.3887775551102204,2,0,none
2026-09-22 00:03:15,209.557,5.68,23.4,0.7691,0.0281,22.302,-6.8297,-4.886,0.39078156312625245,2,0,none
2026-09-22 00:03:16,210.385,5.497,18.58,0.1864,0.00214,22.939,-6.7235,-4.594,0.3927855711422845,2,0,none
2026-09-22 00:03:17,209.018,5.583,22.47,0.2461,0.00638,21.874,-6.6091,-4.867,0.3947895791583166,2,0,none
2026-09-22 00:03:18,210.537,5.562,22.24,0.4964,0.01253,21.297,-6.7811,-4.969,0.39679358717434865,2,0,none
2026-09-22 00:03:19,210.0,6.008,17.52,0.4154,0.0016,22.728,-6.8704,-4.615,0.3987975951903807,2,0,none
2026-09-22 00:03:20,210.129,5.514,23.49,0.4664,0.0041,22.597,-6.9489,-4.866,0.4008016032064128,2,0,none
2026-09-22 00:03:21,210.771,5.35,24.33,0.5019,0.03247,22.064,-7.0168,-4.902,0.40280561122244485,2,0,none
2026-09-22 00:03:22,209.66,5.595,26.4,0.5203,0.03777,22.106,-6.7001,-4.77,0.4048096192384769,2,0,none
2026-09-22 00:03:23,208.5,5.697,26.39,0.6137,0.00328,22.112,-6.7133,-4.646,0.406813627254509,2,0,none
2026-09-22 00:03:24,208.484,5.48,16.44,0.4598,0.01395,22.544,-6.7134,-4.324,0.40881763527054105,2,0,none
2026-09-22 00:03:25,210.62,5.517,18.23,0.3329,0.01672,22.249,-6.8193,-4.635,0.4108216432865731,2,0,none
2026-09-22 00:03:26,209.434,5.205,24.03,0.52,0.00616,22.698,-6.589,-4.568,0.4128256513026052,2,0,none
2026-09-22 00:03:27,211.492,5.213,24.18,0.782,0.02606,21.358,-6.8726,-4.901,0.41482965931863724,2,0,none
2026-09-22 00:03:28,208.262,4.927,24.2,0.357,0.00904,22.157,-6.6567,-5.005,0.4168336673346693,2,0,none
2026-09-22 00:03:29,211.339,6.158,37.5,0.1809,0.00712,22.05,-6.8058,-4.788,0.4188376753507014,2,0,none
2026-09-22 00:03:30,209.791,4.961,24.45,0.6251,0.00058,22.397,-6.8913,-4.779,0.42084168336673344,2,0,none
2026-09-22 00:03:31,210.105,5.277,26.47,0.3772,0.01396,22.285,-6.7111,-5.016,0.4228456913827655,2,0,none
2026-09-22 00:03:32,209.834,5.216,26.03,0.0652,0.02465,22.819,-6.7386,-4.835,0.4248496993987976,2,0,none
2026-09-22 00:03:33,210.18,5.702,24.8,0.5871,0.01369,21.756,-6.7465,-4.72,0.42685370741482964,2,0,none
2026-09-22 00:03:34,209.829,5.362,20.86,0.2882,0.00915,22.518,-6.7878,-4.728,0.4288577154308617,2,0,none
2026-09-22 00:03:35,210.951,5.794,25.26,0.3601,0.04196,22.723,-6.8057,-4.699,0.4308617234468938,2,0,none
2026-09-22 00:03:36,209.959,5.239,18.79,0.5063,0.00276,23.243,-6.4417,-4.742,0.43286573146292584,2,0,none
2026-09-22 00:03:37,210.099,5.595,21.05,0.4593,0.01182,22.307,-6.6224,-4.901,0.4348697394789579,2,0,none
2026-09-22 00:03:38,210.343,5.12,20.03,0.5205,0.00214,22.63,-6.6916,-4.903,0.4368737474949899,2,0,none
2026-09-22 00:03:39,209.881,6.228,22.45,0.29,0.03884,21.778,-6.7832,-5.04,0.438877755511022,2,0,none
2026-09-22 00:03:40,210.136,5.12,31.2,0.4975,0.03494,21.543,-6.6489,-4.443,0.44088176352705405,2,0,none
2026-09-22 00:03:41,208.455,5.536,14.65,0.3572,0.00189,22.838,-6.7223,-4.797,0.4428857715430861,2,0,none
2026-09-22 00:03:42,209.159,5.625,24.93,0.5555,0.03251,22.498,-6.7961,-4.845,0.4448897795591182,2,0,none
2026-09-22 00:03:43,210.532,5.673,15.67,0.5338,0.05013,22.971,-6.8455,-4.986,0.44689378757515025,2,0,none
2026-09-22 00:03:44,209.94,5.481,20.19,0.2004,0.00595,21.951,-6.8121,-4.213,0.4488977955911823,2,0,none
2026-09-22 00:03:45,210.251,5.403,26.31,0.6039,0.00279,22.708,-7.2756,-5.015,0.4509018036072144,2,1,insulation_failure
2026-09-22 00:03:46,208.99,5.618,23.15,0.2777,0.0057,23.248,-6.7684,-4.886,0.45290581162324645,2,1,insulation_failure
2026-09-22 00:03:47,207.193,5.667,19.72,0.558,0.00212,22.668,-6.8733,-4.717,0.4549098196392785,2,1,insulation_failure
2026-09-22 00:03:48,204.662,6.065,22.05,0.4725,0.06197,22.611,-6.5611,-4.68,0.4569138276553106,2,1,insulation_failure
2026-09-22 00:03:49,203.885,6.628,28.47,0.789,0.00516,22.503,-6.7971,-4.608,0.45891783567134264,2,1,insulation_failure
2026-09-22 00:03:50,202.696,5.819,23.72,0.3475,0.0102,21.872,-6.9783,-4.438,0.4609218436873747,2,1,insulation_failure
2026-09-22 00:03:51,200.761,5.651,28.28,0.3217,0.01299,23.042,-6.8075,-4.699,0.4629258517034068,2,1,insulation_failure
2026-09-22 00:03:52,199.576,6.158,28.62,0.4115,0.0059,22.256,-6.9569,-5.011,0.46492985971943884,2,1,insulation_failure
2026-09-22 00:03:53,197.318,7.148,27.05,0.3173,0.00476,22.702,-6.729,-4.851,0.4669338677354709,2,1,insulation_failure
2026-09-22 00:03:54,197.393,6.175,38.84,0.5509,0.00821,21.875,-6.7564,-4.738,0.468937875751503,2,1,insulation_failure
2026-09-22 00:03:55,196.085,7.03,33.88,0.0542,0.03638,22.028,-6.6563,-4.386,0.47094188376753504,2,1,insulation_failure
2026-09-22 00:03:56,194.249,7.155,24.25,0.1734,0.02354,23.074,-6.9186,-5.08,0.4729458917835671,2,1,insulation_failure
2026-09-22 00:03:57,193.081,6.488,33.8,0.1646,0.00273,22.361,-6.7949,-4.559,0.4749498997995992,2,1,insulation_failure
2026-09-22 00:03:58,192.334,7.054,31.48,0.5725,0.04608,23.081,-7.0048,-4.764,0.47695390781563124,2,1,insulation_failure
2026-09-22 00:03:59,190.697,7.502,38.54,0.7441,0.00722,22.469,-6.6948,-4.632,0.4789579158316633,2,1,insulation_failure
2026-09-22 00:04:00,186.818,6.859,32.79,0.3684,0.05406,21.763,-6.7222,-4.82,0.48096192384769537,2,1,insulation_failure
2026-09-22 00:04:01,185.954,7.026,36.72,0.3517,0.00461,22.857,-6.7256,-4.968,0.48296593186372744,2,1,insulation_failure
2026-09-22 00:04:02,185.438,6.971,39.67,0.3954,0.02206,22.264,-6.7998,-4.65,0.4849699398797595,2,1,insulation_failure
2026-09-22 00:04:03,183.439,6.942,42.31,0.6107,0.02884,22.779,-6.7378,-4.669,0.48697394789579157,2,1,insulation_failure
2026-09-22 00:04:04,183.331,7.021,34.85,0.2094,0.00438,22.51,-6.5593,-4.606,0.4889779559118236,2,1,insulation_failure
2026-09-22 00:04:05,180.445,7.027,39.34,0.4263,0.01684,21.883,-6.8428,-4.803,0.49098196392785565,2,1,insulation_failure
2026-09-22 00:04:06,179.413,7.609,39.67,0.6136,0.04871,22.566,-6.7792,-4.92,0.4929859719438877,2,1,insulation_failure
2026-09-22 00:04:07,177.089,7.351,39.76,0.4788,0.01368,23.378,-6.9629,-5.112,0.4949899799599198,2,1,insulation_failure
2026-09-22 00:04:08,176.095,7.891,50.46,0.4415,0.0163,22.697,-6.9302,-4.636,0.49699398797595185,2,1,insulation_failure
2026-09-22 00:04:09,174.349,7.319,45.74,0.6047,0.00352,22.477,-6.7853,-4.715,0.4989979959919839,2,1,insulation_failure
2026-09-22 00:04:10,209.233,5.657,17.07,0.1774,0.025,22.93,-6.6344,-4.993,0.501002004008016,2,0,none
2026-09-22 00:04:11,209.386,5.829,25.76,0.5172,0.0053,22.584,-6.8384,-4.908,0.503006012024048,2,0,none
2026-09-22 00:04:12,208.794,4.709,30.61,0.2692,0.00067,22.584,-6.8354,-4.893,0.5050100200400801,2,0,none
2026-09-22 00:04:13,210.828,5.577,26.29,0.0178,0.00537,22.063,-6.861,-5.097,0.5070140280561122,2,0,none
2026-09-22 00:04:14,208.875,5.888,16.01,0.4911,0.0223,22.594,-6.8802,-4.964,0.5090180360721442,2,0,none
2026-09-22 00:04:15,212.187,4.992,20.13,0.6891,0.02394,22.914,-6.7558,-5.027,0.5110220440881763,2,0,none
2026-09-22 00:04:16,210.656,6.062,27.04,0.3496,0.01194,22.166,-7.0246,-4.882,0.5130260521042084,2,0,none
2026-09-22 00:04:17,210.02,5.563,19.15,0.6064,0.03349,23.07,-6.6079,-4.948,0.5150300601202404,2,0,none
2026-09-22 00:04:18,208.541,5.14,23.95,0.703,0.00218,22.463,-6.8998,-5.125,0.5170340681362725,2,0,none
2026-09-22 00:04:19,210.613,5.461,25.3,0.6384,0.00069,22.145,-6.6917,-4.395,0.5190380761523046,2,0,none
2026-09-22 00:04:20,209.677,5.682,18.33,0.7094,0.00321,22.899,-6.9905,-4.549,0.5210420841683366,2,0,none
2026-09-22 00:04:21,210.218,5.437,21.82,0.5236,0.02724,22.385,-6.6997,-4.956,0.5230460921843687,2,0,none
2026-09-22 00:04:22,212.392,5.689,9.0,0.4063,0.00473,22.804,-6.6992,-4.746,0.5250501002004008,2,0,none
2026-09-22 00:04:23,209.603,5.087,18.08,0.0711,0.00239,22.383,-6.7424,-4.717,0.5270541082164328,2,0,none
2026-09-22 00:04:24,211.111,5.524,21.11,0.3303,0.02206,22.476,-6.9492,-4.562,0.5290581162324649,2,0,none
2026-09-22 00:04:25,209.803,4.982,17.26,0.2067,0.01641,22.697,-6.7626,-4.964,0.531062124248497,2,0,none
2026-09-22 00:04:26,209.439,5.408,28.5,0.8287,0.00369,22.616,-6.9775,-4.582,0.533066132264529,2,0,none
2026-09-22 00:04:27,211.494,5.147,16.3,0.3659,0.0084,21.702,-6.8379,-4.91,0.5350701402805611,2,0,none
2026-09-22 00:04:28,209.354,5.159,20.32,0.4129,0.03809,22.052,-6.6456,-5.067,0.5370741482965932,2,0,none
2026-09-22 00:04:29,211.407,5.885,22.65,0.4964,0.02889,22.872,-6.6805,-4.655,0.5390781563126252,2,0,none
2026-09-22 00:04:30,210.663,5.833,27.8,0.4038,0.02455,22.447,-6.7977,-4.542,0.5410821643286573,2,0,none
2026-09-22 00:04:31,209.41,5.632,16.23,0.724,0.01183,22.291,-6.9462,-4.282,0.5430861723446894,2,0,none
2026-09-22 00:04:32,210.297,5.048,26.8,0.2661,0.00717,21.957,-6.7032,-5.04,0.5450901803607214,2,0,none
2026-09-22 00:04:33,210.778,5.259,22.17,0.4291,0.02393,22.068,-6.7971,-4.66,0.5470941883767535,2,0,none
2026-09-22 00:04:34,210.165,5.862,18.04,0.2619,0.02987,21.691,-7.148,-4.882,0.5490981963927856,2,0,none
2026-09-22 00:04:35,208.434,5.487,24.04,0.1204,0.04248,22.459,-6.6826,-4.643,0.5511022044088176,2,0,none
2026-09-22 00:04:36,209.63,6.272,22.97,0.2893,0.01442,22.261,-6.8036,-5.094,0.5531062124248497,2,0,none
2026-09-22 00:04:37,209.46,5.58,19.67,0.3922,0.0109,22.113,-6.6196,-5.053,0.5551102204408818,2,0,none
2026-09-22 00:04:38,210.141,5.516,22.35,0.3307,0.05855,22.473,-6.9643,-4.955,0.5571142284569138,2,0,none
2026-09-22 00:04:39,210.629,5.363,20.58,0.2382,0.01989,22.646,-7.2765,-4.784,0.5591182364729459,2,0,none
2026-09-22 00:04:40,209.623,5.542,22.43,0.0967,0.01843,23.337,-6.7581,-4.928,0.561122244488978,2,0,none
2026-09-22 00:04:41,208.742,5.363,24.71,0.3649,0.01131,21.895,-6.7563,-4.668,0.56312625250501,2,0,none
2026-09-22 00:04:42,210.658,5.645,28.19,0.0949,0.00486,22.964,-7.0536,-4.595,0.565130260521042,2,0,none
2026-09-22 00:04:43,210.188,5.742,17.2,0.5505,0.0094,22.889,-6.9468,-4.68,0.567134268537074,2,0,none
2026-09-22 00:04:44,210.303,5.143,30.44,0.4008,0.01225,22.188,-6.3867,-4.476,0.5691382765531061,2,0,none
2026-09-22 00:04:45,210.992,4.953,14.4,0.0945,0.01957,22.581,-6.8458,-4.717,0.5711422845691382,2,0,none
2026-09-22 00:04:46,210.893,4.75,21.42,0.3195,0.02763,22.317,-6.6904,-5.043,0.5731462925851702,2,0,none
2026-09-22 00:04:47,210.287,5.568,24.39,0.2423,0.03596,22.574,-6.8976,-4.527,0.5751503006012023,2,0,none
2026-09-22 00:04:48,209.765,5.03,23.12,0.4425,0.04447,23.104,-7.1135,-4.921,0.5771543086172344,2,0,none
2026-09-22 00:04:49,209.115,4.684,19.54,0.6692,0.01036,22.742,-6.8255,-4.618,0.5791583166332664,2,0,none
2026-09-22 00:04:50,210.861,5.62,21.37,0.0118,0.00602,22.703,-6.8398,-4.485,0.5811623246492985,2,0,none
2026-09-22 00:04:51,210.458,6.32,19.84,0.4063,0.01263,22.328,-6.86,-4.709,0.5831663326653306,2,0,none
2026-09-22 00:04:52,210.24,5.427,19.83,0.3481,0.02487,21.906,-6.8172,-5.099,0.5851703406813626,2,0,none
2026-09-22 00:04:53,208.749,5.706,25.5,0.5141,0.02456,22.417,-6.7604,-4.984,0.5871743486973947,2,0,none
2026-09-22 00:04:54,208.897,5.478,23.37,0.4178,0.0067,22.983,-6.8225,-4.535,0.5891783567134268,2,0,none
2026-09-22 00:04:55,210.988,5.372,19.19,0.2311,0.03588,21.889,-6.9896,-4.834,0.5911823647294588,2,0,none
2026-09-22 00:04:56,210.094,5.81,25.83,0.3145,0.01133,22.078,-6.7271,-4.784,0.5931863727454909,2,0,none
2026-09-22 00:04:57,210.959,5.256,23.2,0.22,0.012,22.551,-7.0924,-4.648,0.595190380761523,2,0,none
2026-09-22 00:04:58,210.217,5.528,25.2,0.6101,0.01314,22.106,-7.1076,-4.661,0.597194388777555,2,0,none
2026-09-22 00:04:59,209.573,5.581,24.7,0.3996,0.01395,22.183,-6.6891,-4.744,0.5991983967935871,2,0,none
2026-09-22 00:05:00,211.056,5.219,18.78,0.783,0.01307,22.331,-6.7239,-4.842,0.6012024048096192,2,0,none
2026-09-22 00:05:01,209.293,5.942,19.73,0.3949,0.00773,21.954,-6.8086,-4.863,0.6032064128256512,2,0,none
2026-09-22 00:05:02,209.961,5.405,25.08,0.2577,0.01271,22.11,-7.0093,-4.628,0.6052104208416833,2,0,none
2026-09-22 00:05:03,209.71,5.128,24.41,0.0754,0.00417,22.781,-6.9062,-4.689,0.6072144288577154,2,0,none
2026-09-22 00:05:04,210.256,5.638,22.09,0.0322,0.00721,21.977,-6.8394,-4.851,0.6092184368737474,2,0,none
2026-09-22 00:05:05,210.689,5.038,22.64,0.0684,0.01821,21.861,-7.0394,-4.584,0.6112224448897795,2,0,none
2026-09-22 00:05:06,210.357,5.456,27.23,0.4291,0.02542,22.248,-6.9109,-4.826,0.6132264529058116,2,0,none
2026-09-22 00:05:07,209.567,5.405,19.74,0.5161,0.0196,22.793,-6.7022,-4.97,0.6152304609218436,2,0,none
2026-09-22 00:05:08,211.152,5.887,24.43,0.0719,0.03236,22.421,-6.5859,-4.952,0.6172344689378757,2,0,none
2026-09-22 00:05:09,209.56,5.593,21.26,0.5702,0.00762,22.314,-6.8629,-4.996,0.6192384769539078,2,0,none
2026-09-22 00:05:10,209.756,5.435,21.08,0.2983,0.01635,22.518,-6.6865,-4.854,0.6212424849699398,2,0,none
2026-09-22 00:05:11,210.191,5.713,26.51,0.4128,0.00643,21.802,-7.0871,-4.553,0.6232464929859719,2,0,none
2026-09-22 00:05:12,211.211,6.037,25.58,0.7146,0.04807,22.698,-6.7011,-4.961,0.625250501002004,2,0,none
2026-09-22 00:05:13,210.305,5.635,25.22,0.5563,0.02785,22.653,-6.9206,-4.762,0.627254509018036,2,0,none
2026-09-22 00:05:14,211.014,5.545,27.25,0.3466,0.01345,22.336,-6.7539,-4.931,0.6292585170340681,2,0,none
2026-09-22 00:05:15,208.954,5.018,22.19,0.2326,0.03001,22.902,-6.8372,-4.852,0.6312625250501002,2,0,none
2026-09-22 00:05:16,210.463,5.091,24.79,0.063,0.02958,22.049,-6.6019,-5.102,0.6332665330661322,2,0,none
2026-09-22 00:05:17,210.517,5.359,20.73,0.2336,0.03345,22.951,-6.9312,-4.844,0.6352705410821643,2,0,none
2026-09-22 00:05:18,209.897,5.25,23.48,0.3407,0.01475,22.562,-6.7059,-4.839,0.6372745490981964,2,0,none
2026-09-22 00:05:19,210.511,5.286,21.78,0.2012,0.01668,22.365,-6.8419,-4.692,0.6392785571142284,2,0,none
2026-09-22 00:05:20,209.723,5.456,22.48,0.3567,0.04532,22.492,-6.8237,-4.755,0.6412825651302605,2,0,none
2026-09-22 00:05:21,211.346,5.683,24.36,0.3958,0.00702,22.457,-6.8276,-5.04,0.6432865731462926,2,0,none
2026-09-22 00:05:22,211.952,5.422,18.64,0.3309,0.00455,22.988,-6.9269,-4.583,0.6452905811623246,2,0,none
2026-09-22 00:05:23,210.216,5.555,30.47,0.2486,0.01431,22.069,-6.8021,-4.758,0.6472945891783567,2,0,none
2026-09-22 00:05:24,209.647,5.471,18.16,0.4221,0.02798,22.195,-6.8094,-4.76,0.6492985971943888,2,0,none
2026-09-22 00:05:25,211.348,4.824,17.26,0.4868,0.03041,22.915,-6.7638,-4.802,0.6513026052104208,2,0,none
2026-09-22 00:05:26,210.92,5.174,26.7,0.1804,0.00902,22.262,-6.7873,-4.904,0.6533066132264529,2,0,none
2026-09-22 00:05:27,209.471,5.395,25.18,0.6669,0.02013,22.86,-6.6803,-4.756,0.655310621242485,2,0,none
2026-09-22 00:05:28,209.877,5.062,24.46,0.3789,0.03142,23.18,-6.6615,-4.705,0.657314629258517,2,0,none
2026-09-22 00:05:29,210.032,5.648,24.67,0.3884,0.02163,22.339,-6.9576,-5.149,0.6593186372745491,2,0,none
2026-09-22 00:05:30,208.85,5.916,22.11,0.5207,0.00075,22.773,-6.6697,-4.908,0.6613226452905812,2,0,none
2026-09-22 00:05:31,209.253,5.843,18.33,0.4322,0.02184,22.039,-6.978,-4.851,0.6633266533066132,2,0,none
2026-09-22 00:05:32,208.752,5.451,22.53,0.5863,0.0014,22.802,-6.7118,-4.749,0.6653306613226453,2,0,none
2026-09-22 00:05:33,209.287,5.973,19.42,0.4609,0.05045,22.58,-6.707,-4.561,0.6673346693386772,2,0,none
2026-09-22 00:05:34,210.24,5.491,26.11,0.2719,0.00304,22.689,-7.0867,-4.954,0.6693386773547093,2,0,none
2026-09-22 00:05:35,210.357,5.314,21.35,0.4553,0.0212,22.242,-6.7861,-4.9,0.6713426853707414,2,0,none
2026-09-22 00:05:36,211.374,5.324,18.63,0.171,0.01787,21.836,-6.8703,-4.903,0.6733466933867734,2,0,none
2026-09-22 00:05:37,209.227,5.422,20.77,0.4043,0.00776,22.701,-6.9138,-4.96,0.6753507014028055,2,0,none
2026-09-22 00:05:38,210.779,5.421,23.78,0.3877,0.00352,21.675,-6.5974,-4.869,0.6773547094188376,2,0,none
2026-09-22 00:05:39,209.633,5.503,20.0,0.3396,0.05799,22.373,-6.8981,-4.646,0.6793587174348696,2,0,none
2026-09-22 00:05:40,210.171,5.523,18.86,0.3616,0.03343,22.876,-6.921,-5.011,0.6813627254509017,2,0,none
2026-09-22 00:05:41,210.659,5.375,23.02,0.0156,0.01803,22.577,-6.7886,-4.714,0.6833667334669338,2,0,none
2026-09-22 00:05:42,209.261,5.681,22.95,0.2848,0.01011,23.279,-6.6972,-5.14,0.6853707414829658,2,0,none
2026-09-22 00:05:43,210.144,5.82,20.17,0.421,0.00173,22.91,-6.8212,-4.912,0.6873747494989979,2,0,none
2026-09-22 00:05:44,209.485,5.803,20.09,0.4391,0.02515,22.238,-6.625,-4.866,0.68937875751503,2,0,none
2026-09-22 00:05:45,210.718,4.861,23.17,0.186,0.00812,22.511,-6.7204,-4.465,0.691382765531062,2,0,none
2026-09-22 00:05:46,210.085,4.501,16.25,0.65,0.0047,22.481,-7.1267,-4.855,0.6933867735470941,2,0,none
2026-09-22 00:05:47,211.68,5.744,16.6,0.211,0.01787,21.867,-6.8794,-5.24,0.6953907815631262,2,0,none
2026-09-22 00:05:48,209.705,4.928,19.27,0.5719,0.01596,22.124,-6.8843,-5.2,0.6973947895791582,2,0,none
2026-09-22 00:05:49,209.463,5.342,21.21,0.4891,0.03747,22.276,-6.7281,-4.793,0.6993987975951903,2,0,none
2026-09-22 00:05:50,209.826,5.001,23.27,0.2562,0.01292,21.686,-7.1937,-4.677,0.7014028056112224,2,0,none
2026-09-22 00:05:51,209.747,4.843,27.94,0.7399,0.02198,22.519,-6.4176,-4.725,0.7034068136272544,2,0,none
2026-09-22 00:05:52,209.702,5.59,25.55,0.1622,0.02505,22.4,-6.7203,-4.766,0.7054108216432865,2,0,none
2026-09-22 00:05:53,210.529,5.734,21.44,0.581,0.00323,21.831,-6.7777,-4.568,0.7074148296593186,2,0,none
2026-09-22 00:05:54,211.485,5.303,21.94,0.5824,0.01288,22.662,-6.6228,-4.908,0.7094188376753506,2,0,none
2026-09-22 00:05:55,209.628,4.492,18.05,0.2439,0.00164,22.786,-6.4485,-4.621,0.7114228456913827,2,0,none
2026-09-22 00:05:56,209.232,5.217,22.01,0.6814,0.03505,22.591,-6.6694,-5.126,0.7134268537074148,2,0,none
2026-09-22 00:05:57,210.415,5.58,20.71,0.3368,0.01721,22.37,-6.6577,-4.981,0.7154308617234468,2,0,none
2026-09-22 00:05:58,209.031,4.977,23.41,0.4472,0.01345,22.737,-6.7804,-5.161,0.7174348697394789,2,0,none
2026-09-22 00:05:59,210.622,5.526,18.67,0.431,0.00333,22.772,-6.8212,-4.855,0.719438877755511,2,0,none
2026-09-22 00:06:00,209.851,5.418,24.04,0.3572,0.02362,22.623,-6.8714,-4.809,0.721442885771543,2,0,none
2026-09-22 00:06:01,208.397,5.683,28.04,0.5529,0.00807,22.17,-6.9239,-4.777,0.7234468937875751,2,0,none
2026-09-22 00:06:02,210.765,5.438,21.46,0.5338,0.01933,22.611,-6.9031,-4.788,0.7254509018036072,2,0,none
2026-09-22 00:06:03,211.752,5.134,23.55,0.0296,0.01592,22.978,-7.0026,-4.986,0.7274549098196392,2,0,none
2026-09-22 00:06:04,209.327,5.901,24.77,0.6433,0.00206,22.261,-6.8114,-4.838,0.7294589178356713,2,0,none
2026-09-22 00:06:05,210.154,5.378,20.67,0.0571,0.04628,23.339,-7.0527,-5.099,0.7314629258517034,2,0,none
2026-09-22 00:06:06,210.065,5.398,22.92,0.5879,0.03347,22.29,-6.7714,-4.527,0.7334669338677354,2,0,none
2026-09-22 00:06:07,209.752,5.07,22.15,0.6334,0.00883,22.513,-6.8054,-4.861,0.7354709418837675,2,0,none
2026-09-22 00:06:08,210.185,5.317,22.51,0.1596,0.02454,22.231,-6.778,-4.898,0.7374749498997996,2,0,none
2026-09-22 00:06:09,211.958,5.193,19.0,0.3128,0.03161,22.589,-6.8783,-4.482,0.7394789579158316,2,0,none
2026-09-22 00:06:10,209.814,5.356,22.17,0.1817,0.02489,21.803,-6.3385,-5.048,0.7414829659318637,2,0,none
2026-09-22 00:06:11,209.205,6.089,23.95,0.3352,0.04463,22.282,-6.596,-5.025,0.7434869739478958,2,0,none
2026-09-22 00:06:12,208.959,4.852,28.03,0.3353,0.02642,22.063,-6.9867,-5.019,0.7454909819639278,2,0,none
2026-09-22 00:06:13,209.573,4.84,26.1,0.5605,0.01543,22.554,-6.7651,-4.814,0.7474949899799599,2,0,none
2026-09-22 00:06:14,210.309,5.978,30.53,0.6518,2e-05,22.898,-6.8912,-4.714,0.749498997995992,2,0,none
2026-09-22 00:06:15,14.057,0.045,18.91,0.678,0.03089,8.433,-6.9522,-20.539,0.751503006012024,2,1,cable_cut
2026-09-22 00:06:16,12.4,0.084,25.54,0.2816,0.00986,5.838,-7.001,-24.936,0.7535070140280561,2,1,cable_cut
2026-09-22 00:06:17,5.601,0.026,22.72,0.338,0.01667,10.619,-6.7352,-22.164,0.7555110220440882,2,1,cable_cut
2026-09-22 00:06:18,19.765,0.045,30.89,0.069,0.01202,6.729,-6.9022,-27.837,0.7575150300601202,2,1,cable_cut
2026-09-22 00:06:19,10.752,0.054,18.78,0.2178,0.02332,11.297,-6.6548,-26.359,0.7595190380761523,2,1,cable_cut
2026-09-22 00:06:20,7.283,0.066,18.94,0.574,0.03334,11.376,-6.6509,-24.103,0.7615230460921844,2,1,cable_cut
2026-09-22 00:06:21,15.001,0.078,19.8,0.7016,0.0299,11.603,-6.5939,-20.974,0.7635270541082164,2,1,cable_cut
2026-09-22 00:06:22,9.264,0.039,13.61,0.165,0.00273,8.642,-6.9279,-23.782,0.7655310621242485,2,1,cable_cut
2026-09-22 00:06:23,13.787,0.065,20.08,0.2743,0.00051,9.74,-6.7287,-20.561,0.7675350701402806,2,1,cable_cut
2026-09-22 00:06:24,13.802,0.015,19.16,0.371,0.01433,10.45,-6.7051,-24.13,0.7695390781563125,2,1,cable_cut
2026-09-22 00:06:25,211.23,5.533,22.63,0.4418,0.01619,22.338,-6.8711,-4.795,0.7715430861723446,2,0,none
2026-09-22 00:06:26,210.392,5.892,23.37,0.257,0.01062,22.225,-6.9158,-4.53,0.7735470941883766,2,0,none
2026-09-22 00:06:27,209.439,6.082,29.6,0.4631,0.01716,21.927,-6.5586,-5.103,0.7755511022044087,2,0,none
2026-09-22 00:06:28,210.733,5.442,25.97,0.2831,0.00246,22.558,-6.7659,-5.066,0.7775551102204408,2,0,none
2026-09-22 00:06:29,211.186,5.198,19.79,0.3891,0.01205,22.734,-6.7046,-5.236,0.7795591182364728,2,0,none
2026-09-22 00:06:30,210.094,5.623,18.33,0.4981,0.00891,22.706,-6.9233,-4.94,0.7815631262525049,2,0,none
2026-09-22 00:06:31,210.122,5.099,23.97,0.3879,0.04108,22.828,-6.9829,-4.768,0.783567134268537,2,0,none
2026-09-22 00:06:32,210.393,6.213,16.8,0.3037,0.01625,22.63,-6.8854,-4.779,0.785571142284569,2,0,none
2026-09-22 00:06:33,210.728,5.51,29.4,0.3912,0.04211,22.287,-6.8186,-4.77,0.7875751503006011,2,0,none
2026-09-22 00:06:34,211.066,5.344,27.0,0.3652,0.0007,22.836,-6.9596,-5.082,0.7895791583166332,2,0,none
2026-09-22 00:06:35,210.077,5.713,20.07,0.321,0.02751,21.957,-6.8015,-4.639,0.7915831663326652,2,0,none
2026-09-22 00:06:36,209.591,4.861,15.28,0.3511,0.02736,22.14,-7.0533,-4.752,0.7935871743486973,2,0,none
2026-09-22 00:06:37,209.815,5.186,27.65,0.7089,0.00252,22.114,-6.968,-4.653,0.7955911823647294,2,0,none
2026-09-22 00:06:38,211.015,5.868,21.86,0.4958,0.01702,22.932,-6.6994,-5.179,0.7975951903807614,2,0,none
2026-09-22 00:06:39,209.376,5.228,27.0,0.3235,0.02448,22.877,-6.7094,-4.738,0.7995991983967935,2,0,none
2026-09-22 00:06:40,210.075,5.071,15.76,0.5255,0.00676,22.695,-6.8588,-5.038,0.8016032064128256,2,0,none
2026-09-22 00:06:41,209.742,5.622,19.75,0.3108,0.01184,22.929,-6.9527,-4.879,0.8036072144288576,2,0,none
2026-09-22 00:06:42,209.859,5.848,22.13,0.643,0.01951,22.148,-6.9541,-4.693,0.8056112224448897,2,0,none
2026-09-22 00:06:43,210.928,5.725,22.27,0.4678,2e-05,22.639,-6.856,-4.782,0.8076152304609218,2,0,none
2026-09-22 00:06:44,210.653,5.733,20.33,0.3858,0.01372,22.45,-6.7033,-4.97,0.8096192384769538,2,0,none
2026-09-22 00:06:45,210.439,5.215,24.33,0.471,0.04307,22.839,-6.6608,-4.799,0.8116232464929859,2,0,none
2026-09-22 00:06:46,208.536,4.917,17.89,0.0873,0.00894,22.454,-6.8745,-5.106,0.813627254509018,2,0,none
2026-09-22 00:06:47,210.838,5.934,21.53,0.1778,0.01277,22.346,-6.973,-4.57,0.81563126252505,2,0,none
2026-09-22 00:06:48,210.753,5.311,22.55,0.1479,0.03307,22.716,-6.7598,-4.841,0.8176352705410821,2,0,none
2026-09-22 00:06:49,211.363,5.423,24.35,0.4183,0.01246,22.85,-6.9235,-4.576,0.8196392785571142,2,0,none
2026-09-22 00:06:50,210.003,5.901,24.87,0.7498,0.0048,22.233,-6.8777,-4.905,0.8216432865731462,2,0,none
2026-09-22 00:06:51,210.634,5.668,17.55,0.8256,0.00973,22.476,-6.6012,-4.905,0.8236472945891783,2,0,none
2026-09-22 00:06:52,209.86,5.578,16.15,0.5228,0.01997,22.077,-6.6759,-4.953,0.8256513026052104,2,0,none
2026-09-22 00:06:53,210.97,6.267,27.12,0.4921,0.03247,21.501,-6.7763,-4.625,0.8276553106212424,2,0,none
2026-09-22 00:06:54,210.23,5.253,23.36,0.0448,0.03983,22.58,-6.9908,-4.942,0.8296593186372745,2,0,none
2026-09-22 00:06:55,210.302,5.876,19.08,0.2683,0.00786,22.744,-6.7683,-4.671,0.8316633266533066,2,0,none
2026-09-22 00:06:56,210.645,5.462,28.38,0.2192,0.03181,22.605,-6.6406,-4.876,0.8336673346693386,2,0,none
2026-09-22 00:06:57,210.25,5.58,22.57,0.2618,0.01138,21.72,-6.8563,-5.195,0.8356713426853707,2,0,none
2026-09-22 00:06:58,209.765,6.005,26.68,0.3604,0.01594,22.36,-6.5973,-4.914,0.8376753507014028,2,0,none
2026-09-22 00:06:59,209.755,5.698,22.31,0.2818,0.00082,21.613,-6.6061,-5.036,0.8396793587174348,2,0,none
2026-09-22 00:07:00,211.162,5.608,30.27,0.058,0.0087,23.048,-6.5504,-4.793,0.8416833667334669,2,0,none
2026-09-22 00:07:01,209.54,5.873,29.11,0.5291,0.00788,22.066,-6.7542,-5.038,0.843687374749499,2,0,none
2026-09-22 00:07:02,210.036,5.309,21.14,0.1674,0.01076,23.002,-6.7119,-4.615,0.845691382765531,2,0,none
2026-09-22 00:07:03,209.434,5.145,26.02,0.4551,0.00613,22.878,-6.5879,-4.818,0.8476953907815631,2,0,none
2026-09-22 00:07:04,210.484,5.078,24.5,0.7951,0.01997,22.14,-6.7329,-4.836,0.8496993987975952,2,0,none
2026-09-22 00:07:05,208.952,4.755,27.67,0.1979,0.01038,22.047,-6.8752,-4.669,0.8517034068136272,2,0,none
2026-09-22 00:07:06,209.73,6.184,18.26,0.1503,0.01727,22.64,-6.8673,-4.607,0.8537074148296593,2,0,none
2026-09-22 00:07:07,210.279,5.064,24.98,0.327,0.00343,22.162,-6.7642,-4.804,0.8557114228456913,2,0,none
2026-09-22 00:07:08,211.573,5.449,26.37,0.6188,0.02305,22.541,-6.9936,-4.954,0.8577154308617234,2,0,none
2026-09-22 00:07:09,209.848,5.4,15.17,0.7701,0.02435,22.307,-6.8215,-5.155,0.8597194388777555,2,0,none
2026-09-22 00:07:10,209.731,5.604,17.41,0.1425,0.00936,21.788,-6.6355,-4.937,0.8617234468937875,2,0,none
2026-09-22 00:07:11,211.179,5.721,14.07,0.5049,0.02341,21.608,-7.1287,-4.923,0.8637274549098196,2,0,none
2026-09-22 00:07:12,208.85,5.715,21.07,0.2997,0.02228,22.591,-6.5698,-4.779,0.8657314629258517,2,0,none
2026-09-22 00:07:13,208.212,5.288,24.95,0.369,0.01262,22.275,-6.6316,-4.869,0.8677354709418837,2,0,none
2026-09-22 00:07:14,210.415,5.434,28.33,0.9051,0.01884,22.279,-6.869,-4.662,0.8697394789579158,2,0,none
2026-09-22 00:07:15,209.493,5.625,22.48,0.0822,0.01096,22.778,-6.7185,-4.923,0.8717434869739479,2,0,none
2026-09-22 00:07:16,209.154,5.33,28.67,0.4507,0.00428,22.969,-6.7995,-4.811,0.8737474949899798,2,0,none
2026-09-22 00:07:17,210.807,6.017,16.45,0.4952,0.01674,22.391,-6.6155,-4.563,0.8757515030060119,2,0,none
2026-09-22 00:07:18,210.061,5.545,15.15,0.5991,0.00642,22.364,-6.6526,-4.732,0.877755511022044,2,0,none
2026-09-22 00:07:19,209.073,5.695,21.9,0.41,0.03171,22.7,-7.01,-4.812,0.879759519038076,2,0,none
2026-09-22 00:07:20,209.514,5.738,23.65,0.4442,0.0228,21.957,-6.7119,-4.92,0.8817635270541081,2,0,none
2026-09-22 00:07:21,211.103,5.849,21.9,0.3213,0.01674,22.589,-6.8308,-4.927,0.8837675350701402,2,0,none
2026-09-22 00:07:22,210.126,5.547,13.84,0.4408,0.00117,22.721,-6.7876,-4.97,0.8857715430861722,2,0,none
2026-09-22 00:07:23,210.129,4.974,21.9,0.3542,0.00893,22.772,-6.9092,-4.908,0.8877755511022043,2,0,none
2026-09-22 00:07:24,211.307,5.61,16.95,0.5076,0.00399,21.725,-6.5378,-4.649,0.8897795591182364,2,0,none
2026-09-22 00:07:25,209.234,5.158,24.66,0.3193,0.02188,22.195,-6.644,-4.844,0.8917835671342684,2,0,none
2026-09-22 00:07:26,208.884,5.264,23.55,0.4612,0.00958,22.149,-6.911,-5.07,0.8937875751503005,2,0,none
2026-09-22 00:07:27,209.383,5.512,18.26,0.3777,0.01723,22.54,-7.0002,-4.446,0.8957915831663326,2,0,none
2026-09-22 00:07:28,209.729,5.886,20.0,0.6058,0.04357,22.692,-6.8579,-4.736,0.8977955911823646,2,0,none
2026-09-22 00:07:29,209.985,5.376,17.82,0.3903,0.00389,23.099,-6.7348,-5.081,0.8997995991983967,2,0,none
2026-09-22 00:07:30,209.535,5.621,21.8,0.0307,0.00295,22.302,-6.764,-4.888,0.9018036072144288,2,0,none
2026-09-22 00:07:31,210.028,6.102,25.79,0.6441,0.01928,22.301,-6.612,-4.778,0.9038076152304608,2,0,none
2026-09-22 00:07:32,208.992,5.56,18.14,0.2375,0.00499,22.96,-6.6815,-4.459,0.9058116232464929,2,0,none
2026-09-22 00:07:33,210.925,6.463,24.06,0.2557,0.00798,22.619,-6.6546,-5.022,0.907815631262525,2,0,none
2026-09-22 00:07:34,210.14,5.606,19.69,0.2675,0.04984,23.007,-6.751,-4.605,0.909819639278557,2,0,none
2026-09-22 00:07:35,211.328,4.903,19.13,0.6621,0.0055,22.615,-7.0084,-4.52,0.9118236472945891,2,0,none
2026-09-22 00:07:36,210.097,5.768,21.78,0.054,0.00636,22.037,-6.8294,-4.926,0.9138276553106212,2,0,none
2026-09-22 00:07:37,210.432,5.575,17.92,1.0073,0.00233,21.967,-6.641,-4.856,0.9158316633266532,2,0,none
2026-09-22 00:07:38,210.6,5.971,19.89,0.6085,0.02143,21.879,-6.8077,-5.007,0.9178356713426853,2,0,none
2026-09-22 00:07:39,210.495,5.637,17.19,0.4234,0.03013,22.765,-6.7245,-4.841,0.9198396793587174,2,0,none
2026-09-22 00:07:40,210.53,5.359,30.13,0.3787,0.03931,22.975,-6.8478,-4.807,0.9218436873747494,2,0,none
2026-09-22 00:07:41,211.272,4.979,22.43,0.4699,0.01174,23.24,-6.9545,-4.668,0.9238476953907815,2,0,none
2026-09-22 00:07:42,210.3,5.348,19.32,0.4802,0.03268,22.837,-6.8185,-4.582,0.9258517034068136,2,0,none
2026-09-22 00:07:43,210.188,5.091,23.06,0.5194,0.0085,22.965,-6.7536,-4.95,0.9278557114228456,2,0,none
2026-09-22 00:07:44,210.19,5.302,21.67,0.4983,0.01005,22.268,-6.8984,-5.193,0.9298597194388777,2,0,none
2026-09-22 00:07:45,211.403,5.649,21.08,0.4002,0.01781,22.037,-6.8354,-4.804,0.9318637274549098,2,0,none
2026-09-22 00:07:46,209.237,6.069,24.52,0.3418,0.02854,22.84,-6.9409,-4.741,0.9338677354709418,2,0,none
2026-09-22 00:07:47,211.433,5.564,25.15,0.3825,0.00139,22.667,-6.6321,-4.75,0.9358717434869739,2,0,none
2026-09-22 00:07:48,210.173,4.928,19.93,0.3763,0.01725,22.543,-6.8442,-4.865,0.937875751503006,2,0,none
2026-09-22 00:07:49,208.808,5.624,19.78,0.6276,0.0339,22.655,-6.5821,-4.775,0.939879759519038,2,0,none
2026-09-22 00:07:50,210.423,5.785,20.99,0.5017,0.0164,22.629,-6.5707,-4.497,0.9418837675350701,2,0,none
2026-09-22 00:07:51,210.171,5.227,12.89,0.2351,0.01635,23.014,-6.8122,-4.724,0.9438877755511021,2,0,none
2026-09-22 00:07:52,210.428,5.333,16.05,0.5131,0.01908,23.018,-6.9513,-4.875,0.9458917835671342,2,0,none
2026-09-22 00:07:53,209.07,5.555,27.46,0.4157,0.02437,22.718,-7.1129,-4.9,0.9478957915831663,2,0,none
2026-09-22 00:07:54,209.739,5.213,28.61,0.3784,0.04404,22.838,-7.0208,-4.834,0.9498997995991983,2,0,none
2026-09-22 00:07:55,208.725,5.689,20.98,0.3011,0.00712,22.706,-7.0061,-4.473,0.9519038076152304,2,0,none
2026-09-22 00:07:56,209.574,5.47,24.51,0.6099,0.00219,22.316,-6.5932,-4.837,0.9539078156312625,2,0,none
2026-09-22 00:07:57,208.522,5.559,23.14,0.5935,0.00833,22.803,-6.7826,-4.804,0.9559118236472945,2,0,none
2026-09-22 00:07:58,208.348,5.158,34.54,0.2318,4e-05,21.942,-6.7416,-4.896,0.9579158316633266,2,0,none
2026-09-22 00:07:59,210.808,5.303,26.72,0.4774,0.03066,22.922,-7.1331,-4.58,0.9599198396793587,2,0,none
2026-09-22 00:08:00,210.439,5.723,21.56,0.2079,0.0269,22.022,-6.9797,-4.408,0.9619238476953907,2,0,none
2026-09-22 00:08:01,210.852,5.379,18.02,0.1319,0.01722,22.614,-6.6669,-4.71,0.9639278557114228,2,0,none
2026-09-22 00:08:02,209.834,6.108,15.64,0.3127,0.02754,22.162,-6.757,-4.783,0.9659318637274549,2,0,none
2026-09-22 00:08:03,209.732,5.321,22.91,0.5699,0.0204,22.721,-6.8221,-4.793,0.9679358717434869,2,0,none
2026-09-22 00:08:04,209.832,5.448,18.98,0.5705,0.00726,22.486,-6.7153,-5.277,0.969939879759519,2,0,none
2026-09-22 00:08:05,209.343,5.738,16.37,0.5193,0.01709,21.862,-6.5546,-4.651,0.9719438877755511,2,0,none
2026-09-22 00:08:06,211.071,4.933,19.67,0.5311,0.00682,22.668,-6.8332,-4.773,0.9739478957915831,2,0,none
2026-09-22 00:08:07,210.679,4.821,17.85,0.4892,0.03001,22.269,-6.7896,-4.714,0.9759519038076151,2,0,none
2026-09-22 00:08:08,209.833,4.844,28.76,0.2852,0.00149,22.852,-6.7711,-4.942,0.9779559118236472,2,0,none
2026-09-22 00:08:09,209.445,6.025,25.47,0.4769,0.02051,22.501,-6.4412,-4.877,0.9799599198396792,2,0,none
2026-09-22 00:08:10,210.16,5.327,22.04,0.5689,0.05284,22.658,-7.1149,-4.882,0.9819639278557113,2,0,none
2026-09-22 00:08:11,208.181,6.401,28.01,0.5353,0.01196,22.117,-6.6975,-4.596,0.9839679358717434,2,0,none
2026-09-22 00:08:12,209.657,5.25,22.47,0.6523,0.00099,22.264,-6.8172,-4.876,0.9859719438877754,2,0,none
2026-09-22 00:08:13,209.895,5.506,18.61,0.5317,0.01445,22.317,-6.715,-4.383,0.9879759519038075,2,0,none
2026-09-22 00:08:14,208.832,5.958,28.25,0.4866,0.00731,22.843,-6.8986,-4.714,0.9899799599198396,2,0,none
2026-09-22 00:08:15,210.022,6.176,24.46,0.5896,0.04776,23.171,-6.8073,-5.055,0.9919839679358716,2,0,none
2026-09-22 00:08:16,211.336,6.205,18.04,0.4113,0.0036,22.178,-6.6933,-4.826,0.9939879759519037,2,0,none
2026-09-22 00:08:17,210.422,5.823,21.34,0.205,0.00546,22.931,-6.3331,-4.93,0.9959919839679358,2,0,none
2026-09-22 00:08:18,209.786,5.835,18.59,0.3753,0.01671,21.632,-6.6788,-5.239,0.9979959919839678,2,0,none
2026-09-22 00:08:19,210.554,5.656,16.54,0.2332,0.02194,22.022,-6.9272,-4.48,1.0,2,0,none
