Voltage(V),Current(A),Temperature(C),Frequency(Hz),Power_Factor,Vibration_Level,Device_Age(Years),Terminal_Efficiency(%),Load_Variation(%),Signal_Strength(dB),Apparent_Power(kVA),Real_Power(kW),Energy_Consumed(kWh),Anomaly_Score,Fault_Status
234.97,7.1,39.6,49.43,0.924,1.79,6,84.87,19.44,85.92,1.67,1.54,1.5,85.71,0
228.62,6.39,43.84,49.74,0.949,1.77,9,87.82,12.55,93.29,1.46,1.39,1.52,40.25,0
236.48,5.09,38.66,49.88,0.951,1.1,7,97.28,23.23,69.67,1.2,1.14,1.12,49.99,0
245.23,4.03,42.54,50.57,0.964,1.83,5,89.73,12.41,85.33,0.99,0.95,0.79,82.6,0
227.66,6.05,29.85,50.17,0.909,2.37,9,86.25,26.82,73.73,1.38,1.25,1.09,94.2,0
227.66,5.59,46.71,49.6,0.968,1.36,6,91.54,15.98,86.4,1.27,1.23,1.38,28.03,0
245.79,6.34,45.01,50.15,0.869,2.52,6,99.6,21.92,88.84,1.56,1.35,1.43,82.52,1
237.67,5.95,38.46,49.54,0.931,2.24,4,89.4,12.3,93.07,1.41,1.32,1.35,73.99,0
225.31,6.57,50.27,50.32,0.935,1.63,1,78.22,8.44,89.9,1.48,1.39,1.2,72.61,0
235.43,4.2,52.5,49.86,0.969,1.93,5,93.25,3.47,81.63,0.99,0.96,1.09,67.18,0
225.37,6.98,32.14,49.97,0.951,2.8,9,91.73,21.38,77.46,1.57,1.49,1.77,112.95,0
225.34,5.3,38.9,50.4,0.908,2.37,8,90.45,15.34,61.57,1.19,1.08,0.88,47.54,0
232.42,8.11,38.85,49.61,0.92,2.0,8,88.9,8.76,85.69,1.89,1.74,1.44,102.88,1
210.87,3.97,37.48,49.58,0.956,1.88,5,85.96,21.59,96.38,0.84,0.8,0.92,118.08,0
212.75,7.6,51.64,49.82,0.948,2.04,9,97.57,20.78,86.08,1.62,1.53,1.73,143.01,0
224.38,5.3,43.45,50.31,0.933,1.74,3,80.81,21.91,84.15,1.19,1.11,1.16,31.8,0
219.87,4.02,42.88,49.54,0.936,0.95,3,88.46,8.3,86.43,0.88,0.83,0.97,64.29,0
233.14,4.27,28.97,49.15,0.971,3.02,1,88.34,21.23,81.12,1.0,0.97,1.02,93.4,0
220.92,4.52,50.08,49.86,0.934,2.08,9,94.27,16.92,86.95,1.0,0.93,0.83,62.13,0
215.88,5.64,35.09,50.17,0.947,2.2,6,96.18,22.14,80.95,1.22,1.15,1.26,102.52,0
244.66,5.78,45.48,50.36,1.0,1.97,2,88.87,17.71,76.01,1.42,1.42,1.5,68.28,0
227.74,4.14,47.22,49.86,0.907,1.63,8,90.96,15.87,84.25,0.94,0.86,1.02,35.9,0
230.68,4.96,55.89,49.88,0.894,1.91,9,91.39,21.3,84.03,1.14,1.02,0.91,48.42,0
215.75,8.21,34.53,50.35,0.974,1.2,9,95.27,19.26,103.75,1.77,1.73,1.79,162.53,1
224.56,7.59,20.84,49.44,0.93,3.14,2,95.16,20.41,76.94,1.7,1.58,1.76,176.38,0
231.11,5.65,46.47,49.88,0.94,1.38,2,87.31,12.56,83.41,1.31,1.23,1.15,24.37,0
218.49,5.06,59.4,50.06,0.927,1.48,7,92.19,14.14,82.43,1.1,1.02,0.97,99.65,0
233.76,5.18,54.91,50.13,0.942,1.78,4,91.92,6.33,80.52,1.21,1.14,1.32,57.82,0
223.99,5.92,46.68,49.85,0.998,2.64,1,89.42,12.2,90.13,1.33,1.32,1.27,47.46,0
227.08,3.47,41.07,50.01,0.974,2.01,8,91.87,18.95,107.38,0.79,0.77,0.8,60.2,0
223.98,4.61,51.46,49.25,0.976,1.38,2,90.1,17.82,81.79,1.03,1.01,1.17,55.54,0
248.52,2.5,37.21,49.8,0.908,2.63,3,90.79,10.1,90.16,0.62,0.56,0.5,149.81,0
229.87,5.6,48.81,50.14,0.915,2.37,5,83.22,21.41,65.88,1.29,1.18,1.41,29.64,0
219.42,5.97,49.04,49.71,0.865,2.27,3,85.41,29.87,81.06,1.31,1.13,1.22,73.68,1
238.23,4.28,53.48,50.02,0.926,2.36,7,94.09,10.49,100.55,1.02,0.94,0.94,78.86,0
217.79,7.36,67.08,50.13,0.979,3.2,7,83.95,13.97,84.45,1.6,1.57,1.53,185.15,1
232.09,3.16,48.14,49.9,0.966,3.09,2,92.35,11.89,90.02,0.73,0.71,0.84,60.9,0
210.4,2.8,40.93,50.05,0.943,1.66,7,89.59,14.53,78.77,0.59,0.56,0.49,131.1,0
216.72,5.34,44.8,49.71,0.949,2.81,6,95.15,16.37,87.58,1.16,1.1,1.02,52.61,0
231.97,6.57,30.85,49.94,0.929,2.19,9,93.24,11.51,101.33,1.52,1.42,1.31,100.43,0
237.38,7.53,39.44,50.18,0.956,2.25,9,87.73,13.62,73.4,1.79,1.71,1.56,103.9,0
231.71,4.31,41.73,50.05,0.973,1.15,2,88.88,15.44,106.87,1.0,0.97,0.96,34.65,0
228.84,6.62,40.81,49.82,0.902,1.91,7,80.07,17.36,69.54,1.51,1.37,1.63,57.28,0
226.99,4.94,46.22,50.07,0.959,1.59,5,89.35,22.33,80.14,1.12,1.08,1.24,16.4,0
215.21,4.74,38.42,50.21,0.978,2.41,6,83.65,14.93,76.64,1.02,1.0,0.93,82.45,0
222.8,6.33,53.97,49.39,0.938,2.54,1,88.91,12.19,82.28,1.41,1.32,1.28,90.82,0
225.39,5.98,45.0,50.35,0.971,0.96,7,86.81,18.48,76.51,1.35,1.31,1.4,37.11,0
240.57,2.64,44.93,49.9,1.0,1.99,6,85.62,17.0,75.75,0.63,0.63,0.51,88.09,0
233.44,7.21,42.38,50.13,0.947,2.56,4,95.94,14.04,73.13,1.68,1.59,1.8,71.6,0
212.37,7.07,46.24,50.36,0.962,1.91,1,83.62,17.43,91.44,1.5,1.44,1.66,109.94,0
233.24,4.06,51.6,49.59,0.928,2.36,9,85.18,13.08,82.62,0.95,0.88,1.0,59.16,0
226.15,5.59,38.06,49.79,0.955,2.18,4,86.51,12.35,80.0,1.27,1.21,1.15,54.93,0
223.23,5.74,39.74,49.91,0.964,2.17,2,87.59,5.5,87.82,1.28,1.24,1.22,60.97,0
236.12,5.39,42.57,49.76,0.956,1.86,8,85.62,13.36,70.05,1.27,1.22,0.98,39.2,0
240.31,4.17,34.23,50.52,0.919,1.39,2,88.2,6.19,88.06,1.0,0.92,0.89,97.57,0
239.31,3.99,38.45,49.74,0.956,1.44,5,91.51,11.8,84.06,0.96,0.91,0.9,80.74,0
221.61,4.96,41.19,49.83,0.994,2.35,6,93.35,17.9,84.37,1.1,1.09,1.27,44.7,0
226.91,6.76,52.0,50.06,0.963,2.01,8,93.11,7.47,90.19,1.53,1.48,1.71,78.54,0
233.31,5.82,47.1,49.64,0.979,1.93,1,80.46,14.05,101.44,1.36,1.33,1.58,37.91,0
239.76,4.44,46.55,49.88,0.943,1.79,1,91.9,15.33,88.23,1.07,1.0,1.16,51.32,0
225.21,6.16,51.81,50.1,0.972,1.85,4,92.21,13.81,83.0,1.39,1.35,1.08,70.06,0
228.14,0.73,43.9,49.9,0.958,2.52,5,86.69,12.59,73.17,0.17,0.16,0.17,105.72,0
218.94,6.72,48.12,49.97,0.921,1.83,9,98.34,16.63,61.09,1.47,1.36,1.12,88.19,0
218.04,2.39,44.17,49.84,0.96,1.33,7,95.44,17.32,86.28,0.52,0.5,0.45,101.3,0
238.13,4.46,47.12,49.55,0.92,2.37,7,89.08,15.01,72.4,1.06,0.98,1.01,48.01,0
243.56,3.32,40.34,50.1,0.931,1.9,8,87.02,12.87,59.6,0.81,0.75,0.81,101.96,0
229.28,3.06,25.49,50.53,0.956,2.02,5,98.26,19.32,81.49,0.7,0.67,0.71,126.85,0
240.04,6.74,43.93,50.01,0.959,2.8,5,89.9,8.45,87.39,1.62,1.55,1.27,76.62,0
233.62,4.3,56.38,50.07,0.914,1.99,1,90.43,18.44,92.44,1.0,0.92,0.77,75.07,0
223.55,5.52,52.41,50.21,0.982,2.14,9,90.36,17.1,95.61,1.23,1.21,1.03,63.93,0
233.61,4.93,52.72,49.62,0.967,1.41,6,100.0,16.0,93.76,1.15,1.11,0.93,45.79,0
245.38,5.72,54.89,50.51,0.929,1.89,9,88.92,14.95,94.03,1.4,1.3,1.14,108.37,0
229.64,5.12,45.71,50.06,0.904,2.3,3,89.88,5.55,70.32,1.17,1.06,1.14,6.71,0
245.65,3.08,46.58,50.49,0.946,1.22,5,85.84,21.94,83.5,0.76,0.71,0.81,101.5,0
203.8,6.49,40.06,49.78,0.937,2.1,2,88.05,19.19,90.8,1.32,1.24,1.19,141.12,1
238.22,4.26,42.47,50.55,0.953,2.05,5,84.84,10.19,85.46,1.01,0.97,1.04,54.39,0
230.87,2.67,49.93,50.23,0.939,2.02,8,85.95,18.79,83.45,0.62,0.58,0.51,75.31,0
227.01,4.36,54.63,50.17,0.89,2.52,2,80.95,15.94,85.28,0.99,0.88,1.05,64.37,0
230.92,7.25,43.88,50.07,0.938,2.17,8,94.41,12.08,87.46,1.67,1.57,1.48,57.73,0
210.12,6.28,41.4,49.93,0.941,2.74,4,90.78,20.96,84.23,1.32,1.24,1.41,109.6,0
227.8,4.48,45.0,50.36,0.969,1.5,1,91.2,12.85,76.54,1.02,0.99,1.16,18.96,0
233.57,4.48,49.81,50.04,0.929,2.07,5,89.74,21.78,67.97,1.05,0.97,1.11,43.59,0
244.78,4.52,33.45,49.41,1.0,2.04,1,90.36,17.67,82.96,1.11,1.11,0.91,108.11,0
224.82,8.12,26.63,49.66,0.893,1.47,7,98.1,19.78,85.57,1.82,1.63,1.73,163.04,1
221.92,5.57,40.6,49.94,0.989,2.48,8,86.16,17.9,85.47,1.24,1.22,1.04,58.03,0
224.98,5.65,35.23,50.09,0.943,3.16,3,91.39,17.66,94.53,1.27,1.2,0.96,71.75,0
239.15,6.55,40.93,49.98,0.976,1.99,3,91.36,16.08,96.31,1.57,1.53,1.25,81.79,0
233.29,5.36,43.82,50.37,0.952,2.25,7,95.71,11.37,83.96,1.25,1.19,1.39,23.84,0
224.7,4.61,41.37,49.41,0.984,2.04,4,92.19,15.31,84.03,1.04,1.02,1.19,41.4,0
235.13,4.71,56.62,50.04,0.938,1.64,3,92.44,19.58,90.73,1.11,1.04,0.92,72.07,0
230.97,4.89,47.61,49.45,0.917,1.09,8,83.71,18.6,89.27,1.13,1.04,1.06,16.51,0
239.69,4.94,47.4,50.23,0.993,1.65,3,85.96,17.51,80.57,1.19,1.18,1.39,43.54,0
222.98,6.09,49.98,49.97,0.947,1.3,7,84.17,4.52,91.59,1.36,1.29,1.28,68.4,0
226.72,5.08,35.89,50.13,0.957,2.85,2,77.62,13.93,83.54,1.15,1.1,1.05,50.61,0
226.08,6.1,53.31,49.74,0.987,1.94,1,91.99,13.41,83.75,1.38,1.36,1.35,72.13,0
215.36,4.88,44.39,50.38,0.919,1.83,6,88.69,9.48,89.34,1.05,0.97,1.08,54.0,0
232.96,5.12,50.36,50.31,0.968,2.44,8,92.0,19.52,81.99,1.19,1.15,1.14,34.84,0
232.61,2.0,36.43,50.18,0.932,1.44,1,90.18,4.87,85.95,0.47,0.43,0.48,111.04,0
230.05,6.37,32.57,49.96,0.946,1.62,9,91.2,19.18,87.98,1.47,1.39,1.35,82.51,0
227.65,5.52,51.54,50.17,0.952,2.03,3,96.69,21.65,93.17,1.26,1.2,1.08,46.63,0
215.85,6.5,48.01,49.79,0.905,2.51,3,90.04,13.95,92.48,1.4,1.27,1.18,92.99,0
225.79,0.66,37.78,50.26,0.927,2.25,4,93.34,14.63,87.67,0.15,0.14,0.11,140.63,0
226.57,8.13,38.04,50.49,0.991,2.12,1,88.49,19.84,58.91,1.84,1.83,1.82,110.03,1
221.98,4.79,54.0,50.32,0.977,2.04,9,94.12,11.18,87.43,1.06,1.04,0.89,68.91,0
228.39,6.66,35.48,49.78,0.948,2.2,3,83.8,18.3,88.98,1.52,1.44,1.62,81.96,0
234.04,3.44,58.14,50.11,0.957,2.1,4,80.81,10.41,91.01,0.81,0.77,0.75,102.89,0
248.86,5.92,37.8,49.61,0.941,1.49,1,100.0,8.91,75.44,1.47,1.39,1.53,113.32,0
231.75,3.42,50.11,50.17,0.991,2.02,4,99.18,16.48,63.78,0.79,0.79,0.93,62.21,0
232.58,4.06,42.37,50.14,0.944,1.46,1,80.27,14.87,93.06,0.95,0.89,1.02,40.33,0
229.26,7.87,49.83,49.44,0.957,2.04,5,89.82,6.39,72.75,1.8,1.73,2.04,86.39,0
210.81,4.71,40.65,49.65,0.984,1.76,5,90.75,22.08,97.22,0.99,0.98,1.0,88.45,0
229.73,5.33,43.7,49.92,0.927,3.27,7,93.61,12.93,79.21,1.22,1.13,0.98,13.56,0
230.6,6.31,45.33,49.91,0.997,1.98,8,98.7,17.55,74.73,1.45,1.45,1.7,32.37,0
254.63,5.74,36.98,49.64,0.904,1.3,4,84.69,23.03,88.5,1.46,1.32,1.52,132.04,1
228.08,5.23,50.93,50.12,0.999,1.93,7,84.96,16.24,91.16,1.19,1.19,1.36,36.12,0
233.02,5.55,40.89,50.08,0.939,2.26,4,89.99,21.37,90.57,1.29,1.21,1.31,39.32,0
229.65,8.61,43.17,49.94,0.943,2.84,3,85.18,10.68,90.02,1.98,1.86,1.96,88.89,1
218.31,4.91,37.05,49.77,0.893,1.71,6,76.43,22.1,77.92,1.07,0.96,0.77,74.02,0
241.43,5.3,24.5,50.31,0.936,1.21,4,88.86,10.87,69.73,1.28,1.2,1.32,130.21,0
237.52,6.58,43.47,50.5,0.919,2.41,3,94.29,12.14,81.1,1.56,1.44,1.2,66.45,0
237.91,6.66,64.3,49.85,0.932,1.31,9,89.9,7.73,73.54,1.58,1.48,1.33,143.64,1
220.91,6.78,51.28,49.82,0.946,1.78,5,93.12,16.34,89.33,1.5,1.42,1.45,96.03,0
244.03,5.96,44.85,50.15,0.979,1.87,7,92.41,18.15,93.74,1.45,1.42,1.4,68.69,0
215.98,3.29,42.9,49.89,0.956,1.97,6,84.87,18.83,86.73,0.71,0.68,0.55,93.59,0
235.87,7.45,45.18,49.96,0.959,2.34,5,90.34,7.84,84.99,1.76,1.69,1.9,74.76,0
251.9,3.28,49.38,50.22,0.917,1.66,7,82.37,16.87,81.9,0.83,0.76,0.87,129.46,1
220.09,5.45,35.55,49.43,0.924,1.86,6,87.44,17.06,94.8,1.2,1.11,1.19,82.47,0
224.34,3.87,53.91,50.4,1.0,1.99,2,90.25,18.07,66.7,0.87,0.87,0.88,81.16,0
231.0,4.9,50.72,50.02,0.928,2.07,3,89.99,11.14,72.94,1.13,1.05,1.24,29.31,0
224.97,5.49,50.75,49.88,1.0,2.05,2,83.55,2.47,103.27,1.24,1.24,1.05,51.68,0
214.49,5.48,48.51,49.97,0.943,2.22,3,84.56,18.53,72.45,1.18,1.11,1.21,77.02,0
230.69,5.63,45.16,49.99,0.95,2.42,1,91.45,14.27,90.31,1.3,1.23,1.05,17.0,0
219.38,7.42,50.38,49.48,0.982,2.2,8,94.14,16.4,92.37,1.63,1.6,1.52,111.63,0
234.74,5.68,49.73,50.45,0.988,2.23,6,88.97,14.53,65.74,1.33,1.32,1.36,50.63,0
220.81,4.63,42.17,50.01,0.947,1.21,2,88.71,16.17,67.66,1.02,0.97,1.06,50.59,0
245.5,6.45,40.41,50.13,0.938,2.03,8,94.66,18.69,97.65,1.58,1.48,1.19,102.92,0
222.17,6.78,45.81,50.29,0.948,2.24,6,86.14,5.71,75.27,1.51,1.43,1.29,69.15,0
226.78,3.16,57.39,49.69,0.96,2.36,7,98.64,20.71,75.54,0.72,0.69,0.7,103.29,0
238.14,5.9,35.09,50.14,0.977,1.65,1,83.27,14.09,79.79,1.4,1.37,1.39,88.33,0
217.69,6.05,33.26,49.92,0.95,1.67,7,95.24,23.14,75.3,1.32,1.25,1.32,113.32,0
232.27,4.55,46.32,50.25,0.969,1.71,3,92.7,12.7,90.26,1.06,1.02,0.94,22.99,0
243.07,7.06,45.41,49.36,0.999,2.27,8,100.0,11.59,73.18,1.72,1.72,1.74,91.12,0
213.93,4.77,46.39,49.97,0.961,2.52,6,84.39,14.26,65.34,1.02,0.98,0.86,64.36,0
231.85,5.19,46.95,49.82,0.959,1.8,4,78.33,17.5,96.56,1.2,1.15,1.01,18.47,0
232.6,4.74,43.21,50.13,0.904,2.45,8,96.25,13.63,73.67,1.1,1.0,1.03,21.87,0
237.82,5.02,56.92,50.14,0.871,2.06,9,82.64,17.86,77.48,1.19,1.04,1.12,76.24,1
217.63,3.36,32.19,49.79,0.962,1.94,2,93.08,13.06,93.3,0.73,0.7,0.6,131.14,0
216.8,2.84,38.37,49.79,0.947,1.89,6,95.91,15.17,85.7,0.62,0.58,0.5,119.63,0
235.22,7.39,44.17,49.97,0.935,2.37,5,91.9,26.18,96.12,1.74,1.62,1.67,73.99,0
232.97,3.73,31.85,49.73,0.957,2.16,5,91.16,16.79,93.45,0.87,0.83,0.76,92.9,0
232.5,3.51,43.59,50.25,0.948,3.14,3,92.0,17.19,80.47,0.82,0.77,0.74,47.26,0
233.46,1.77,58.29,49.89,0.984,1.57,8,94.19,7.64,95.22,0.41,0.41,0.39,138.71,0
223.2,4.04,45.17,49.13,0.953,2.26,8,92.94,21.77,86.68,0.9,0.86,0.75,44.66,0
232.32,3.02,46.85,49.89,0.928,1.74,5,83.92,20.33,79.02,0.7,0.65,0.52,59.53,0
232.93,7.46,34.92,49.69,0.98,1.57,8,99.12,11.43,87.9,1.74,1.7,1.94,106.51,0
222.86,6.51,40.07,49.51,0.943,1.99,8,90.26,20.23,71.91,1.45,1.37,1.49,78.02,0
248.66,3.97,42.0,49.63,0.966,2.07,3,92.59,16.65,93.34,0.99,0.95,1.03,97.64,0
234.74,8.38,42.46,50.03,0.936,3.46,2,93.55,15.23,92.04,1.97,1.84,1.87,101.47,1
218.09,6.47,55.25,50.4,0.931,1.91,9,95.78,21.45,86.2,1.41,1.31,1.42,115.16,0
236.57,4.51,49.46,50.09,0.953,1.43,2,95.26,12.44,65.82,1.07,1.02,1.19,51.3,0
220.25,1.25,36.11,49.82,0.95,2.14,9,90.66,11.39,96.54,0.28,0.26,0.28,152.85,0
237.87,8.44,46.97,50.14,0.964,0.96,4,90.34,16.04,89.37,2.01,1.94,1.75,110.82,1
241.59,2.92,48.99,49.86,0.942,1.95,2,92.04,17.64,84.77,0.7,0.66,0.68,101.55,0
221.79,2.53,54.12,49.79,0.895,2.01,1,95.5,19.83,83.19,0.56,0.5,0.49,120.21,0
239.63,6.53,57.64,49.65,0.937,2.4,4,84.44,14.25,79.63,1.57,1.47,1.5,118.88,0
234.13,8.66,36.88,49.47,0.974,2.49,9,93.22,10.75,81.56,2.03,1.97,1.99,128.92,1
238.22,7.08,38.51,49.88,0.941,1.75,9,85.57,27.64,92.69,1.69,1.59,1.81,100.57,0
248.97,5.85,34.94,50.05,0.943,1.92,4,99.26,9.57,79.83,1.46,1.37,1.46,123.94,0
227.55,5.89,43.13,49.97,0.98,1.62,9,91.84,15.28,82.26,1.34,1.31,1.15,35.81,0
222.46,6.28,48.73,49.88,0.929,1.44,6,87.92,18.9,83.72,1.4,1.3,1.07,69.12,0
221.1,6.14,52.9,49.72,0.904,2.15,1,92.14,20.76,84.0,1.36,1.23,1.19,87.86,0
221.84,5.42,44.39,50.18,0.945,1.36,6,90.05,12.16,78.82,1.2,1.14,0.92,39.1,0
229.23,5.16,42.44,49.6,0.935,1.79,9,89.2,5.63,83.3,1.18,1.11,1.03,16.71,0
233.41,4.91,46.21,50.23,0.921,1.5,2,80.95,12.05,88.43,1.15,1.05,1.0,18.52,0
232.77,3.87,38.32,49.7,0.945,2.27,6,84.88,19.31,75.95,0.9,0.85,0.81,62.19,0
238.27,4.58,61.72,49.77,0.965,2.9,2,89.3,18.19,83.34,1.09,1.05,1.25,106.58,1
230.13,2.46,32.14,49.56,0.95,1.35,4,81.56,18.35,104.31,0.57,0.54,0.5,110.45,0
244.54,4.85,46.48,49.85,0.959,1.07,8,87.06,18.56,84.37,1.19,1.14,1.03,57.89,0
227.35,3.52,61.19,50.29,1.0,1.94,7,87.5,21.7,75.7,0.8,0.8,0.68,109.23,1
257.2,3.34,45.05,50.15,0.94,2.01,9,86.1,11.12,74.53,0.86,0.81,0.81,127.69,1
236.26,5.27,43.48,50.29,0.958,2.11,7,93.86,9.01,72.35,1.25,1.19,1.03,33.19,0
221.43,7.09,42.14,50.16,0.935,1.78,1,85.6,16.85,101.27,1.57,1.47,1.54,86.89,0
219.29,6.38,43.56,49.67,0.925,1.9,2,90.44,9.76,95.08,1.4,1.29,1.11,72.32,0
234.82,2.64,55.98,49.9,0.932,2.18,6,88.23,8.7,72.1,0.62,0.58,0.6,114.19,0
227.77,3.52,27.31,49.77,0.936,2.52,7,89.41,21.12,87.14,0.8,0.75,0.85,114.17,0
237.14,6.41,57.27,50.4,0.961,1.02,3,98.03,16.25,97.25,1.52,1.46,1.19,106.27,0
234.73,3.53,33.61,49.64,1.0,1.82,9,90.9,15.14,84.6,0.83,0.83,0.8,95.99,0
229.27,4.66,42.87,50.27,0.929,2.11,7,91.87,15.25,80.08,1.07,0.99,0.98,18.8,0
221.53,5.83,41.57,50.27,0.938,1.54,6,86.17,14.47,107.41,1.29,1.21,1.35,60.87,0
214.85,3.55,49.71,50.55,0.948,2.87,6,93.13,21.09,65.95,0.76,0.72,0.71,102.39,0
225.53,5.16,32.22,49.88,0.962,1.68,1,92.92,7.43,111.33,1.16,1.12,1.15,71.67,0
238.56,3.0,48.7,50.21,0.958,1.98,5,92.44,7.22,85.6,0.72,0.69,0.77,88.42,0
232.14,4.1,61.19,50.68,0.989,2.28,3,83.95,10.32,97.9,0.95,0.94,0.96,94.66,1
217.54,5.48,34.09,49.81,0.877,1.7,7,87.07,16.45,72.99,1.19,1.05,0.99,97.62,1
231.73,2.61,46.52,49.54,0.878,1.08,3,97.17,24.03,77.74,0.6,0.53,0.44,65.2,1
233.85,5.66,39.7,49.44,0.935,1.79,5,86.56,19.35,74.2,1.32,1.24,1.35,49.59,0
221.16,4.97,48.41,50.21,0.983,2.51,7,97.85,17.96,83.99,1.1,1.08,1.24,44.31,0
231.54,5.83,45.15,49.44,0.903,1.83,3,87.27,14.6,88.08,1.35,1.22,1.45,24.18,0
230.58,5.34,39.87,49.89,0.86,1.58,2,90.74,8.34,95.67,1.23,1.06,1.24,30.79,1
218.57,7.05,48.9,50.13,0.967,2.46,6,89.06,17.57,67.89,1.54,1.49,1.67,99.83,0
233.58,5.19,59.43,50.06,0.957,1.83,8,85.78,25.13,86.57,1.21,1.16,1.23,76.25,0
235.61,4.36,43.47,50.13,0.917,1.74,4,85.85,13.8,93.95,1.03,0.94,1.05,39.37,0
240.83,5.18,50.76,50.07,0.92,2.07,9,86.48,12.2,95.82,1.25,1.15,1.12,64.17,0
240.54,5.81,34.65,50.38,0.921,2.39,8,90.74,13.82,80.59,1.4,1.29,1.34,96.35,0
216.22,5.07,37.35,49.71,0.953,3.19,7,94.45,18.0,80.72,1.1,1.05,0.98,79.43,0
220.62,5.06,48.78,49.8,0.931,2.41,7,90.42,15.56,84.08,1.12,1.04,0.97,48.36,0
235.15,3.95,56.87,49.77,0.965,2.58,3,89.83,19.55,86.86,0.93,0.9,0.99,90.04,0
235.14,4.01,47.84,50.25,0.864,1.75,6,96.05,14.83,98.03,0.94,0.81,0.8,51.08,1
235.15,2.9,42.5,50.27,0.924,1.49,5,90.21,13.79,72.9,0.68,0.63,0.56,74.36,0
268.53,7.62,44.99,50.14,0.916,2.03,1,87.29,16.15,77.14,2.05,1.88,1.65,186.77,1
235.71,3.13,35.0,50.36,0.942,2.05,3,85.01,12.3,71.69,0.74,0.7,0.8,102.17,0
241.36,3.96,49.84,49.65,0.934,1.46,1,96.35,23.7,89.28,0.96,0.89,0.96,81.1,0
239.54,3.92,52.06,50.5,0.974,1.91,4,88.35,19.12,96.01,0.94,0.92,0.93,85.16,0
236.51,6.34,41.38,50.46,0.894,2.2,3,87.11,9.5,70.79,1.5,1.34,1.29,66.61,0
226.85,4.56,41.24,50.22,0.951,2.18,4,86.67,11.27,85.89,1.03,0.98,0.96,36.01,0
237.59,6.87,47.13,50.53,0.967,2.25,9,96.07,17.83,95.29,1.63,1.58,1.3,75.75,0
222.27,3.99,41.51,49.5,1.0,2.15,3,87.14,15.92,92.85,0.89,0.89,0.87,62.77,0
227.63,5.42,44.47,49.84,0.936,1.75,6,94.95,16.51,92.73,1.23,1.15,1.29,19.4,0
225.15,3.75,61.8,49.78,0.96,1.74,6,88.85,14.04,73.1,0.84,0.81,0.77,114.01,1
230.82,8.22,43.02,50.22,0.896,1.4,7,83.96,17.28,92.69,1.9,1.7,1.62,82.47,1
253.15,3.22,42.13,49.68,0.878,2.89,9,88.34,14.16,83.14,0.81,0.72,0.58,128.69,1
211.33,5.46,39.82,50.23,0.975,2.01,7,89.84,17.82,95.7,1.15,1.13,1.11,94.15,0
236.86,5.95,50.95,50.41,0.95,1.89,1,89.42,18.87,89.49,1.41,1.34,1.08,68.81,0
213.87,5.62,43.55,50.21,0.985,1.54,8,89.3,23.03,76.84,1.2,1.18,1.22,73.59,0
225.28,4.72,39.81,50.09,0.909,3.47,5,88.39,12.43,87.79,1.06,0.97,0.97,43.55,0
240.89,4.81,55.57,49.7,0.966,1.46,9,86.07,14.94,93.19,1.16,1.12,1.27,84.67,0
230.64,5.07,56.36,49.75,1.0,1.79,5,90.05,8.91,79.94,1.17,1.17,1.21,50.92,0
219.22,4.78,40.2,50.37,0.963,2.21,5,92.7,24.13,86.29,1.05,1.01,0.94,60.84,0
222.85,6.45,30.07,50.23,0.958,2.3,2,82.69,5.12,71.63,1.44,1.38,1.39,118.19,0
236.8,8.32,53.06,49.99,0.95,2.48,3,96.5,23.41,90.49,1.97,1.87,2.02,129.92,1
222.7,4.16,39.52,49.87,0.903,2.9,9,71.52,15.47,84.44,0.93,0.84,0.7,65.75,0
232.16,2.95,51.33,49.39,0.991,2.25,7,90.38,17.09,94.14,0.68,0.68,0.71,79.23,0
230.46,4.87,29.24,49.68,0.932,1.47,1,92.33,14.17,90.21,1.12,1.05,1.22,70.13,0
223.48,8.87,52.14,50.57,0.965,1.87,3,86.98,15.16,80.93,1.98,1.91,1.76,137.46,1
251.44,3.79,35.31,49.62,0.903,2.15,2,79.37,17.94,76.54,0.95,0.86,0.91,138.63,1
236.34,7.46,50.85,50.06,0.915,3.03,1,89.52,6.82,74.24,1.76,1.61,1.82,100.13,0
209.75,7.52,45.11,50.3,0.993,1.3,9,90.85,11.74,79.93,1.58,1.57,1.57,123.9,1
231.86,4.17,37.37,49.62,0.94,2.6,8,84.26,10.77,93.87,0.97,0.91,0.99,56.47,0
223.38,5.85,41.74,50.06,0.994,2.09,5,85.85,17.24,67.44,1.31,1.3,1.2,54.59,0
238.52,7.44,50.49,50.28,0.948,2.42,2,94.81,15.02,74.64,1.78,1.68,1.55,105.57,0
222.07,4.43,45.85,50.0,0.895,1.95,1,90.59,18.09,93.59,0.98,0.88,0.94,42.58,0
228.85,4.69,49.68,50.86,0.977,1.58,7,82.46,15.82,98.29,1.07,1.05,1.14,30.09,0
235.05,4.13,60.81,49.5,0.932,2.38,2,92.25,20.29,75.17,0.97,0.9,1.06,102.1,1
238.66,3.48,32.49,50.32,0.971,2.33,1,85.35,11.3,74.53,0.83,0.81,0.72,114.83,0
218.0,4.03,57.94,49.95,0.951,2.49,2,86.13,15.29,99.07,0.88,0.83,0.82,115.56,0
226.65,3.16,45.83,50.23,0.904,1.99,7,90.99,20.55,83.76,0.72,0.65,0.58,55.43,0
225.25,5.05,37.81,50.13,0.955,1.7,7,90.52,19.55,76.05,1.14,1.09,0.9,46.93,0
223.47,3.85,34.36,49.78,1.0,1.22,6,87.99,7.6,95.45,0.86,0.86,0.83,91.79,0
247.65,5.35,43.49,50.07,0.965,2.41,5,87.48,9.89,90.03,1.33,1.28,1.21,72.95,0
234.05,2.67,52.37,49.44,0.948,2.21,3,88.75,14.59,92.37,0.62,0.59,0.54,96.08,0
217.39,5.5,43.98,50.18,0.982,1.52,3,86.1,13.83,76.58,1.19,1.17,1.08,57.31,0
239.18,6.25,57.09,50.09,0.956,1.73,9,95.45,14.67,88.75,1.49,1.43,1.35,108.75,0
251.22,2.01,33.39,50.19,0.956,1.77,4,82.15,18.98,97.46,0.5,0.48,0.58,185.57,1
240.32,5.56,44.9,50.32,0.917,1.26,9,88.8,16.45,91.41,1.34,1.23,1.36,47.29,0
214.81,6.84,34.98,50.11,0.957,1.59,4,82.7,16.74,94.2,1.47,1.41,1.17,133.31,0
225.16,3.19,47.91,50.04,0.981,1.43,2,94.68,18.35,99.03,0.72,0.7,0.81,68.58,0
242.67,7.51,52.1,49.74,0.925,1.79,4,88.79,20.37,89.28,1.82,1.69,1.78,127.55,0
222.92,5.63,41.63,49.79,0.993,1.63,6,84.72,-0.28,79.35,1.25,1.25,1.44,51.58,0
234.44,3.94,24.17,50.36,0.947,1.19,6,93.43,13.07,93.77,0.92,0.88,0.82,125.1,0
237.75,4.92,46.59,50.43,0.923,3.01,5,78.54,10.59,73.94,1.17,1.08,1.06,34.31,0
220.73,5.84,48.49,49.93,0.98,2.63,1,91.4,17.38,82.78,1.29,1.26,1.46,64.07,0
229.4,5.11,48.23,50.01,0.941,1.61,3,95.76,12.69,90.88,1.17,1.1,1.0,17.99,0
197.59,5.81,54.89,49.73,0.973,2.14,5,90.9,15.38,52.83,1.15,1.12,1.3,167.19,1
219.76,3.62,36.43,50.35,0.941,2.21,6,87.47,19.26,87.52,0.8,0.75,0.85,100.54,0
227.47,5.25,50.44,50.2,0.948,2.6,1,83.79,11.99,88.0,1.2,1.13,1.35,36.74,0
217.52,2.88,54.54,50.58,0.965,1.59,9,95.41,16.81,73.64,0.63,0.6,0.56,128.47,0
246.32,4.83,30.77,49.74,0.959,2.55,3,94.64,22.77,88.26,1.19,1.14,1.02,117.41,0
215.7,3.64,47.56,49.89,0.89,1.73,3,86.77,19.16,86.9,0.79,0.7,0.65,88.46,0
225.6,3.9,40.97,50.07,0.916,1.33,2,86.91,7.07,85.34,0.88,0.81,0.95,55.99,0
231.31,6.85,44.35,50.19,0.978,2.36,8,95.93,13.54,96.89,1.59,1.55,1.45,48.28,0
244.41,6.64,47.78,49.94,0.946,2.65,3,92.66,16.78,93.79,1.62,1.53,1.57,96.01,0
215.64,5.91,41.1,49.74,0.934,3.29,6,81.07,17.76,91.4,1.28,1.19,1.15,84.41,0
241.63,3.36,39.59,50.26,0.909,1.4,2,89.02,13.74,74.76,0.81,0.74,0.71,97.71,0
230.1,4.53,45.27,50.22,0.918,2.35,7,88.84,11.8,84.83,1.04,0.96,0.84,12.03,0
220.18,6.82,36.3,49.73,0.889,1.8,4,91.24,15.34,96.84,1.5,1.34,1.36,109.4,0
234.62,5.21,36.31,50.41,0.947,2.39,9,90.03,9.57,82.85,1.22,1.16,1.32,56.32,0
231.99,8.48,50.43,50.35,0.932,1.26,9,87.44,20.5,100.54,1.97,1.83,1.5,106.59,1
224.0,5.59,35.81,50.04,0.921,1.37,7,90.89,24.34,91.69,1.25,1.15,1.33,71.41,0
230.7,5.29,50.33,50.02,0.948,1.61,8,87.76,16.97,102.1,1.22,1.16,1.23,30.94,0
226.15,4.54,48.7,50.17,0.961,2.04,3,100.0,13.84,74.33,1.03,0.99,1.03,38.57,0
231.14,5.2,31.19,49.74,1.0,1.68,5,90.61,19.7,83.45,1.2,1.2,1.26,65.76,0
236.62,4.77,39.58,50.01,0.905,2.33,2,89.93,18.86,84.4,1.13,1.02,0.94,49.74,0
245.86,6.06,54.55,49.35,0.985,2.51,7,99.21,13.62,91.06,1.49,1.47,1.42,116.27,0
217.62,6.44,37.15,50.26,0.979,2.3,8,83.18,14.76,77.61,1.4,1.37,1.54,105.86,0
251.33,3.82,41.28,49.53,0.927,2.81,9,89.45,11.95,68.92,0.96,0.89,0.82,112.78,1
210.48,3.0,48.7,50.45,0.956,2.21,7,85.25,15.82,88.78,0.63,0.6,0.6,124.85,0
228.48,2.25,51.27,49.9,0.936,1.39,8,93.18,16.49,81.34,0.51,0.48,0.39,92.38,0
235.88,5.76,42.99,49.94,0.956,2.68,9,87.53,11.1,80.29,1.36,1.3,1.42,44.93,0
232.81,3.34,40.22,49.81,0.995,1.7,6,92.9,9.63,78.07,0.78,0.78,0.75,66.06,0
223.77,1.77,56.38,49.91,0.968,2.46,2,92.54,8.37,86.24,0.4,0.38,0.39,139.93,0
227.92,5.58,58.91,50.43,0.965,2.79,2,93.9,17.08,74.23,1.27,1.23,1.04,77.85,0
225.07,8.74,52.83,49.25,0.937,2.23,4,92.62,14.94,83.06,1.97,1.84,2.21,132.16,1
224.11,4.99,45.68,50.38,0.905,1.25,9,88.88,14.58,76.71,1.12,1.01,0.93,22.69,0
238.5,6.26,38.53,50.1,0.944,1.54,7,83.01,17.32,78.91,1.49,1.41,1.48,83.21,0
233.57,5.12,38.36,49.64,0.986,2.66,2,95.05,10.5,88.54,1.2,1.18,1.22,42.31,0
223.07,4.85,49.18,49.68,0.904,1.92,8,97.05,9.65,91.51,1.08,0.98,1.09,43.81,0
239.0,6.38,48.35,50.5,0.918,2.04,7,85.31,16.21,81.94,1.52,1.4,1.28,74.57,0
233.07,4.56,56.21,49.72,0.954,2.38,9,93.68,6.36,94.68,1.06,1.01,1.12,66.64,0
238.13,5.4,50.2,49.65,0.92,2.35,8,84.15,13.71,75.27,1.29,1.18,1.13,57.69,0
236.3,5.48,32.98,50.34,0.926,2.14,3,91.02,27.33,69.8,1.3,1.2,1.16,81.81,0
221.71,4.0,53.42,50.1,0.937,1.9,1,92.05,8.26,71.64,0.89,0.83,0.89,84.97,0
224.4,6.49,37.02,49.72,0.909,1.84,2,87.87,12.85,74.25,1.46,1.32,1.47,85.01,0
237.47,4.74,41.93,50.06,0.921,2.43,2,90.48,4.39,71.87,1.13,1.04,1.11,43.54,0
236.1,3.87,47.0,49.69,0.971,2.28,4,94.24,13.83,105.21,0.91,0.89,1.03,53.88,0
229.79,5.8,60.97,50.33,0.911,1.87,6,89.45,24.83,69.5,1.33,1.21,1.11,85.1,1
231.17,3.65,69.88,50.32,0.902,2.54,4,86.62,17.33,94.37,0.84,0.76,0.88,137.52,1
242.78,5.04,49.85,50.16,0.931,1.94,9,83.88,11.93,84.75,1.22,1.14,0.97,63.75,0
224.08,4.99,43.53,50.11,0.972,1.57,4,88.05,25.91,87.25,1.12,1.09,1.16,26.13,0
235.47,6.63,49.28,50.53,0.944,1.62,6,84.13,6.29,75.94,1.56,1.47,1.5,72.25,0
227.98,5.71,52.1,50.0,0.936,1.51,6,88.11,17.27,88.25,1.3,1.22,1.22,52.15,0
227.82,4.96,42.43,49.65,0.951,1.86,1,87.67,15.32,75.86,1.13,1.08,0.99,18.78,0
240.99,6.23,59.36,50.13,0.898,2.62,8,94.02,13.76,94.23,1.5,1.35,1.35,123.73,0
238.25,7.09,46.84,50.63,0.965,1.6,3,90.37,19.04,95.06,1.69,1.63,1.41,81.52,0
238.14,5.84,48.98,49.7,0.962,2.09,6,100.0,9.09,83.65,1.39,1.34,1.27,62.3,0
243.05,5.02,50.33,49.89,0.938,1.67,3,79.93,16.56,84.31,1.22,1.14,0.96,66.06,0
230.21,3.03,48.37,50.12,0.98,1.87,2,91.57,15.93,89.33,0.7,0.68,0.7,58.48,0
236.82,3.4,51.71,49.98,0.916,1.24,5,87.74,10.64,88.82,0.81,0.74,0.62,86.2,0
226.9,4.54,40.06,49.71,0.984,1.89,1,85.22,24.75,95.24,1.03,1.01,0.88,41.09,0
233.24,4.09,40.53,50.34,0.955,1.9,9,89.85,14.09,94.96,0.95,0.91,0.76,49.73,0
228.7,4.72,36.2,50.7,0.94,2.27,7,89.48,14.31,84.71,1.08,1.01,0.97,47.24,0
230.97,5.08,48.52,50.06,0.949,2.11,3,95.39,9.86,80.23,1.17,1.12,1.27,19.77,0
235.95,5.79,51.23,49.73,0.947,1.4,4,90.46,14.18,93.12,1.37,1.29,1.51,63.46,0
221.82,4.89,48.66,49.54,0.987,2.54,6,86.54,26.67,83.44,1.09,1.07,0.89,44.88,0
250.92,5.73,58.4,50.08,0.918,2.11,3,91.67,13.74,86.14,1.44,1.32,1.39,141.78,1
219.94,5.1,44.96,50.33,0.927,2.1,7,88.85,17.59,90.3,1.12,1.04,1.12,35.87,0
217.86,2.04,50.35,50.14,0.981,2.0,6,84.37,19.75,94.76,0.44,0.44,0.44,128.61,0
241.58,3.59,36.27,50.0,0.932,1.74,9,88.76,14.09,87.61,0.87,0.81,0.86,106.3,0
237.92,4.78,41.9,49.82,0.977,2.11,5,91.15,12.95,79.13,1.14,1.11,0.99,44.09,0
236.24,3.19,50.56,49.67,1.0,2.24,4,90.36,17.36,102.97,0.75,0.75,0.75,84.31,0
236.28,5.9,51.79,50.25,0.938,1.13,3,91.65,13.79,100.3,1.39,1.31,1.25,69.25,0
229.88,7.3,42.65,50.27,0.97,1.73,1,87.37,13.34,74.82,1.68,1.63,1.36,61.23,0
221.03,6.83,44.43,49.54,0.915,1.87,3,91.59,19.7,75.88,1.51,1.38,1.45,72.92,0
230.76,4.68,32.86,50.48,0.973,2.13,3,90.6,14.65,77.14,1.08,1.05,1.05,60.24,0
223.23,7.24,42.14,50.17,0.956,2.6,7,90.64,21.07,93.49,1.62,1.54,1.41,84.16,0
239.75,5.22,52.12,50.42,0.964,1.61,7,90.16,14.54,103.35,1.25,1.21,1.19,67.14,0
228.53,4.49,49.6,49.6,0.931,1.75,1,100.0,8.41,79.94,1.03,0.96,1.06,35.31,0
221.75,4.08,49.01,49.59,0.9,1.74,3,95.55,-2.13,86.69,0.9,0.81,0.91,64.65,0
226.79,4.55,45.4,49.96,0.965,1.6,8,91.48,5.81,77.47,1.03,1.0,1.05,22.45,0
234.13,4.42,45.06,50.15,0.888,1.83,9,86.0,6.67,102.0,1.03,0.92,0.91,26.94,0
224.36,5.26,39.72,50.54,0.94,2.39,7,88.54,16.33,93.25,1.18,1.11,1.14,46.48,0
221.78,5.24,50.59,50.21,0.978,1.47,7,98.08,10.14,76.75,1.16,1.14,1.08,56.05,0
232.44,5.0,48.37,49.93,0.956,2.21,8,87.19,5.13,63.98,1.16,1.11,0.95,22.26,0
232.45,5.66,48.94,49.69,1.0,1.15,6,89.17,14.35,95.38,1.31,1.31,1.25,39.13,0
224.93,6.79,40.79,50.37,0.981,1.72,3,88.89,9.59,79.28,1.53,1.5,1.52,74.12,0
225.29,6.42,27.77,49.71,0.93,1.84,1,91.84,17.32,93.43,1.45,1.35,1.4,119.13,0
232.32,2.77,53.78,50.49,0.951,2.84,7,87.82,17.19,87.94,0.64,0.61,0.72,93.8,0
215.52,1.17,41.17,49.91,0.949,1.86,1,90.88,17.72,66.66,0.25,0.24,0.27,149.36,0
215.93,6.4,38.1,50.48,0.903,0.9,1,87.93,2.21,76.93,1.38,1.25,1.07,106.82,0
222.82,2.95,50.55,50.2,0.922,1.0,9,96.57,15.23,81.46,0.66,0.61,0.53,92.63,0
227.87,4.66,41.86,49.96,0.933,2.02,7,86.57,14.39,78.24,1.06,0.99,0.83,27.67,0
233.11,3.24,53.48,49.84,0.889,2.31,4,94.89,8.89,86.16,0.76,0.67,0.74,84.7,0
244.75,2.3,49.94,49.9,0.951,2.19,6,87.07,4.31,89.01,0.56,0.53,0.58,129.81,0
238.58,5.81,50.47,50.13,0.943,2.08,1,85.73,14.46,102.89,1.39,1.31,1.56,69.42,0
228.4,6.14,34.07,50.02,0.9,2.58,7,86.5,20.32,89.72,1.4,1.26,1.27,76.17,0
229.81,4.14,54.7,49.82,0.962,1.73,6,81.44,2.09,99.91,0.95,0.91,1.03,60.25,0
219.97,1.11,47.09,49.95,0.971,2.45,4,92.19,10.84,80.23,0.24,0.24,0.25,128.49,0
229.81,4.18,42.05,50.02,0.957,1.18,7,84.18,15.66,96.65,0.96,0.92,1.06,31.13,0
227.11,5.59,46.15,49.36,0.94,1.55,3,88.21,20.62,81.19,1.27,1.19,1.3,27.46,0
233.23,2.78,30.79,50.14,0.968,1.1,1,93.81,13.44,75.83,0.65,0.63,0.66,119.26,0
221.73,5.28,48.27,49.71,0.97,1.86,4,93.65,24.66,75.41,1.17,1.14,1.16,47.31,0
235.19,4.98,36.77,49.65,0.959,1.98,3,82.84,6.02,58.58,1.17,1.12,1.22,52.13,0
245.33,5.87,34.18,49.49,0.925,2.06,1,91.55,4.92,93.54,1.44,1.33,1.29,115.49,0
228.91,5.18,32.82,49.46,0.958,2.03,2,95.7,20.09,72.1,1.19,1.14,0.95,58.36,0
234.02,3.54,53.9,49.59,0.986,1.54,5,86.82,3.25,99.08,0.83,0.82,0.67,82.92,0
236.9,6.79,39.97,49.79,0.932,1.9,8,92.57,17.31,83.26,1.61,1.5,1.49,83.87,0
225.99,4.76,57.27,50.59,1.0,1.25,1,84.28,13.53,69.45,1.08,1.08,1.12,69.78,0
232.24,4.96,40.71,49.84,0.934,2.68,4,91.93,10.49,73.82,1.15,1.08,0.89,26.24,0
230.13,3.6,31.34,50.05,0.951,1.85,4,90.66,12.87,86.91,0.83,0.79,0.72,88.44,0
230.98,4.34,36.07,50.12,0.93,1.76,5,93.31,8.55,66.2,1.0,0.93,0.86,55.25,0
222.27,3.67,54.89,50.04,0.957,2.79,7,93.0,13.41,90.9,0.82,0.78,0.8,96.45,0
230.25,4.74,43.75,49.98,0.898,1.38,8,83.23,15.09,69.84,1.09,0.98,0.89,11.78,0
234.98,7.57,40.61,49.64,0.934,1.44,6,90.68,12.92,77.61,1.78,1.66,1.39,91.93,0
244.51,2.94,46.28,50.44,0.917,1.45,1,97.26,12.08,86.99,0.72,0.66,0.57,99.44,0
239.59,2.58,49.01,50.54,0.954,1.97,7,79.07,16.27,89.68,0.62,0.59,0.51,102.49,0
251.53,7.21,53.94,49.5,0.98,2.22,3,94.83,23.3,92.98,1.81,1.78,2.02,158.06,1
222.33,4.69,56.59,49.69,0.969,2.37,6,98.01,13.67,71.93,1.04,1.01,0.92,80.84,0
238.72,4.0,42.12,49.92,0.879,3.29,8,82.58,19.1,81.92,0.95,0.84,0.91,63.37,1
231.83,6.56,34.39,49.71,1.0,0.88,7,86.65,10.17,95.93,1.52,1.52,1.56,84.98,0
251.9,4.09,41.69,50.15,0.959,2.3,6,92.59,8.33,81.92,1.03,0.99,1.18,106.96,1
221.92,7.74,47.08,49.78,0.927,1.72,9,85.57,17.27,87.94,1.72,1.59,1.45,96.49,0
221.6,6.02,37.29,50.65,0.955,1.71,9,96.82,13.83,86.62,1.33,1.27,1.1,82.71,0
224.01,4.27,37.34,50.36,0.955,1.69,1,95.29,20.65,98.01,0.96,0.91,0.75,68.15,0
208.76,8.24,47.75,50.06,0.93,1.55,1,83.08,21.63,80.34,1.72,1.6,1.43,154.17,1
224.74,4.09,44.61,50.31,0.956,2.84,1,86.28,19.2,71.1,0.92,0.88,0.94,39.34,0
222.41,6.11,45.26,50.33,0.932,2.42,8,93.85,19.09,75.32,1.36,1.27,1.06,51.13,0
231.5,5.45,38.93,49.83,0.938,2.01,7,93.65,-2.13,86.89,1.26,1.18,1.06,40.27,0
233.42,6.95,43.16,49.76,0.929,2.68,3,100.0,17.22,69.3,1.62,1.51,1.72,62.46,0
248.76,7.34,37.61,50.02,0.907,1.24,2,85.6,19.31,79.56,1.83,1.66,1.71,145.4,0
239.5,5.05,52.12,50.26,0.954,1.33,4,97.3,8.64,85.75,1.21,1.15,0.96,62.42,0
224.23,3.87,53.28,50.04,0.968,0.91,3,85.43,15.04,77.33,0.87,0.84,0.69,78.85,0
221.02,5.69,30.23,49.53,0.965,1.65,7,92.5,9.79,88.27,1.26,1.21,1.0,106.82,0
234.92,3.98,37.56,49.76,0.975,2.08,8,94.46,20.14,92.24,0.94,0.91,1.07,69.97,0
216.8,8.02,33.03,49.98,0.96,2.05,6,75.03,10.22,89.55,1.74,1.67,1.9,161.0,1
248.31,5.2,39.8,49.98,0.934,2.07,3,94.56,11.04,69.52,1.29,1.21,1.37,87.27,0
241.79,4.45,44.33,50.59,0.975,1.29,6,96.92,12.68,85.79,1.08,1.05,1.23,54.27,0
225.31,5.28,33.4,49.58,0.909,2.4,2,95.48,26.25,86.57,1.19,1.08,1.08,70.12,0
212.87,2.98,37.63,50.15,0.923,2.12,7,100.0,20.02,81.19,0.63,0.59,0.53,132.74,0
243.54,3.54,36.97,50.45,0.921,2.37,7,94.83,23.06,88.13,0.86,0.79,0.76,110.98,0
228.85,6.8,46.66,50.68,0.982,1.05,4,87.31,5.93,87.77,1.56,1.53,1.66,50.74,0
242.38,4.01,45.55,49.88,0.978,2.16,8,96.2,8.65,84.09,0.97,0.95,1.1,65.47,0
214.06,3.43,39.23,50.15,0.965,1.41,4,87.03,21.69,74.96,0.73,0.71,0.69,112.1,0
224.01,5.8,46.41,50.17,0.982,1.8,7,90.41,6.2,84.73,1.3,1.28,1.3,43.76,0
230.05,6.78,40.63,50.06,0.924,2.27,4,94.16,11.64,103.67,1.56,1.44,1.69,57.92,0
230.47,6.08,42.83,49.97,0.96,2.05,5,92.24,25.28,81.08,1.4,1.35,1.13,34.59,0
225.5,6.49,58.39,50.13,0.946,1.57,7,96.76,10.18,95.47,1.46,1.39,1.59,103.99,0
236.23,3.86,55.72,49.24,0.975,2.0,3,100.0,5.9,85.39,0.91,0.89,0.77,90.67,0
219.32,2.87,34.6,50.2,0.947,1.23,5,84.31,15.24,76.99,0.63,0.6,0.59,126.3,0
228.58,7.25,51.64,50.04,0.938,2.58,3,88.36,6.1,82.03,1.66,1.56,1.38,82.45,0
231.2,4.52,51.49,49.93,0.966,1.9,5,91.58,21.19,84.83,1.04,1.01,1.05,41.81,0
235.14,4.62,35.81,50.61,0.976,2.56,3,87.68,10.53,91.55,1.09,1.06,1.09,63.78,0
237.12,6.99,51.55,49.8,0.93,1.74,7,89.62,9.52,108.8,1.66,1.54,1.47,95.29,0
218.75,5.83,57.3,49.88,0.948,1.74,1,93.88,15.15,85.55,1.28,1.21,1.39,107.29,0
214.66,5.68,36.02,50.6,0.918,1.62,9,93.21,12.98,72.69,1.22,1.12,1.19,103.75,0
242.78,8.25,37.66,49.75,0.875,2.44,9,91.24,16.26,68.45,2.0,1.75,1.91,145.34,1
233.32,4.03,53.14,49.83,0.956,1.65,5,90.74,17.61,80.78,0.94,0.9,0.77,66.45,0
222.52,6.39,47.17,49.96,0.968,2.32,9,88.88,13.91,73.72,1.42,1.38,1.59,64.93,0
245.51,5.09,49.41,50.25,0.958,1.81,6,97.02,9.19,90.58,1.25,1.2,1.04,71.99,0
231.16,5.4,47.72,50.06,0.892,1.01,5,98.32,18.65,90.65,1.25,1.11,0.99,24.16,0
241.79,7.29,48.13,49.61,0.939,1.71,3,95.09,11.53,83.54,1.76,1.66,1.41,103.28,0
230.68,5.76,34.39,49.84,0.883,1.41,8,84.25,10.65,91.57,1.33,1.17,1.15,63.39,0
250.61,5.81,53.38,49.82,0.991,2.02,4,88.69,15.71,85.65,1.46,1.44,1.67,121.55,1
247.55,6.61,54.36,49.98,0.917,1.4,3,91.0,5.36,103.68,1.64,1.5,1.35,133.25,0
227.51,4.45,43.16,50.13,0.988,2.46,6,85.3,16.95,91.26,1.01,1.0,0.95,28.11,0
239.72,3.74,44.65,50.13,0.978,1.95,8,90.4,15.98,93.96,0.9,0.88,1.0,61.81,0
236.45,3.43,32.75,49.47,0.923,1.91,9,90.11,20.61,70.52,0.81,0.75,0.78,107.38,0
243.69,2.05,49.11,50.32,0.916,2.33,6,95.42,12.5,73.29,0.5,0.46,0.5,128.31,0
220.35,8.08,49.58,50.08,0.961,2.48,5,87.51,21.62,89.79,1.78,1.71,1.52,119.77,1
236.86,3.35,44.5,50.42,0.925,1.99,2,95.82,17.65,69.51,0.79,0.73,0.8,61.72,0
240.58,4.67,53.99,50.13,0.953,1.61,2,85.21,14.87,78.76,1.12,1.07,0.95,80.13,0
212.41,4.58,42.33,50.33,0.936,1.11,9,85.91,24.08,96.79,0.97,0.91,1.09,78.99,0
218.17,5.46,49.52,50.14,0.897,1.66,2,88.1,15.48,78.54,1.19,1.07,1.09,68.51,0
209.61,6.22,36.84,50.4,0.883,1.69,2,90.24,12.41,72.9,1.3,1.15,1.24,129.15,1
227.31,6.29,44.81,50.16,0.957,2.05,3,77.92,15.62,91.68,1.43,1.37,1.16,38.45,0
237.18,4.13,43.61,49.97,0.933,1.83,3,92.3,12.31,105.74,0.98,0.91,0.82,49.17,0
245.02,4.75,46.8,50.68,0.933,2.34,4,98.55,16.87,76.91,1.16,1.09,0.93,63.16,0
230.74,5.42,42.04,50.27,0.971,1.69,7,93.26,21.6,97.24,1.25,1.22,1.16,24.21,0
246.29,4.63,43.95,50.17,0.985,1.97,9,88.95,14.96,75.67,1.14,1.12,1.03,66.96,0
216.2,7.41,51.61,49.62,0.942,2.59,2,84.58,15.45,83.88,1.6,1.51,1.65,127.12,0
212.97,5.74,41.51,49.61,0.94,2.17,4,80.93,18.99,84.31,1.22,1.15,0.97,87.7,0
229.44,6.1,32.15,50.09,0.965,1.97,9,81.78,20.94,77.18,1.4,1.35,1.49,79.9,0
233.84,5.99,59.0,50.04,0.909,1.7,2,89.35,12.74,93.75,1.4,1.27,1.04,93.22,0
229.67,6.76,56.05,49.82,0.957,1.68,1,100.0,15.86,69.6,1.55,1.49,1.31,86.25,0
209.33,5.27,34.66,50.04,0.967,1.57,8,76.41,19.01,86.95,1.1,1.07,1.19,118.02,1
229.11,3.05,50.52,50.48,0.97,1.73,9,93.5,16.65,95.74,0.7,0.68,0.75,69.19,0
216.96,5.6,40.98,50.21,0.892,2.38,7,86.61,5.69,92.92,1.21,1.08,1.07,73.57,0
236.7,4.02,47.11,49.66,0.927,1.89,8,88.32,19.91,89.91,0.95,0.88,0.72,52.82,0
233.67,4.21,47.35,49.97,0.924,1.33,4,85.31,17.61,100.85,0.98,0.91,0.95,39.65,0
220.6,5.88,43.12,49.76,0.953,2.88,4,83.16,17.97,82.8,1.3,1.24,1.19,58.69,0
224.86,6.86,38.73,49.88,0.964,2.16,2,90.63,9.04,69.75,1.54,1.49,1.38,84.53,0
219.41,5.03,39.48,49.88,0.995,1.3,8,91.31,15.76,86.35,1.1,1.1,1.16,59.03,0
229.37,5.46,37.67,49.86,0.935,1.78,2,93.34,19.22,83.74,1.25,1.17,1.14,42.92,0
239.55,7.55,38.35,49.62,0.935,2.06,9,81.57,10.6,63.84,1.81,1.69,1.42,116.31,0
220.14,5.36,44.46,49.96,0.984,2.85,4,94.37,11.9,73.75,1.18,1.16,1.36,43.12,0
235.04,8.9,39.27,49.83,0.959,1.45,1,94.46,19.3,72.47,2.09,2.01,2.23,127.38,1
224.7,5.85,50.46,49.12,0.988,2.49,4,92.12,11.66,76.85,1.31,1.3,1.07,59.26,0
222.07,2.36,56.9,50.62,0.959,2.7,3,87.9,13.96,81.49,0.52,0.5,0.51,134.7,0
228.93,6.13,40.36,50.33,0.915,1.69,6,91.54,9.83,81.87,1.4,1.28,1.07,48.01,0
219.65,5.57,46.92,49.89,0.91,1.86,7,89.2,24.1,77.21,1.22,1.11,1.26,55.19,0
224.46,6.93,49.0,50.01,0.903,1.48,8,94.84,17.6,72.46,1.56,1.41,1.47,78.1,0
218.02,6.01,48.78,49.65,0.97,1.9,2,88.17,13.72,88.77,1.31,1.27,1.1,78.1,0
249.65,4.79,45.61,50.51,0.986,1.98,6,90.54,12.79,86.17,1.2,1.18,0.95,72.64,0
230.35,3.16,50.94,50.57,1.0,2.33,6,81.31,8.86,86.47,0.73,0.73,0.59,66.74,0
223.0,4.69,48.86,50.05,0.975,2.55,5,91.53,14.45,102.79,1.05,1.02,1.02,46.37,0
232.14,3.72,35.1,50.31,0.985,1.63,7,86.25,18.33,86.63,0.86,0.85,0.93,76.74,0
228.88,4.13,51.95,50.05,0.933,1.02,3,92.56,10.95,81.33,0.95,0.88,0.75,52.07,0
227.79,5.88,52.1,49.6,0.915,1.99,4,93.94,15.53,83.94,1.34,1.23,1.09,56.56,0
236.14,7.5,38.89,49.88,0.976,2.15,9,86.95,13.16,85.99,1.77,1.73,1.61,101.58,0
237.58,5.59,45.3,50.04,0.963,2.12,4,90.16,21.9,91.16,1.33,1.28,1.13,39.67,0
224.69,3.21,50.47,49.86,0.953,1.84,3,90.87,11.82,84.55,0.72,0.69,0.66,80.32,0
224.24,5.67,43.33,49.93,0.962,2.06,2,91.84,18.89,65.57,1.27,1.22,1.25,40.99,0
227.25,6.79,53.58,49.97,0.96,2.76,5,93.95,21.97,80.63,1.54,1.48,1.59,84.82,0
206.98,4.09,63.91,49.98,0.989,2.19,4,93.3,13.11,85.01,0.85,0.84,0.99,175.85,1
214.85,4.8,38.71,50.02,0.989,1.81,8,88.1,12.06,98.04,1.03,1.02,1.2,81.17,0
243.67,5.02,33.95,49.68,0.966,1.75,7,97.99,19.61,77.14,1.22,1.18,1.22,92.09,0
246.45,3.82,47.43,49.78,0.975,1.92,6,93.76,6.09,68.65,0.94,0.92,1.0,91.12,0
227.51,5.97,50.77,49.61,0.965,2.82,2,97.03,17.15,85.64,1.36,1.31,1.55,53.96,0
235.77,4.82,43.15,50.29,0.936,1.91,3,91.73,7.12,93.66,1.14,1.06,0.89,30.95,0
233.11,5.63,56.63,49.37,0.973,1.99,9,92.03,21.11,81.07,1.31,1.28,1.02,72.8,0
260.79,3.67,34.29,50.35,0.908,1.76,9,89.41,13.74,108.83,0.96,0.87,0.71,176.83,1
241.2,4.34,50.54,50.42,0.982,2.55,5,87.78,14.55,106.47,1.05,1.03,1.05,75.0,0
228.72,6.08,40.15,49.91,0.914,2.98,3,94.88,11.38,84.28,1.39,1.27,1.41,48.54,0
220.44,4.44,58.76,49.22,0.959,2.23,2,91.32,7.09,86.87,0.98,0.94,0.89,101.59,0
213.94,7.59,60.94,49.89,0.925,2.04,8,89.34,21.33,98.69,1.62,1.5,1.53,177.53,1
232.03,4.4,38.87,49.98,0.967,2.02,6,84.89,14.14,84.1,1.02,0.99,0.99,45.66,0
222.44,5.34,40.6,49.7,0.949,0.81,7,97.78,31.04,76.96,1.19,1.13,0.94,51.02,0
215.78,6.4,51.88,49.85,0.902,2.37,1,90.56,10.95,93.89,1.38,1.25,1.16,107.15,0
223.53,2.87,41.9,50.46,0.963,2.07,1,83.87,11.77,89.64,0.64,0.62,0.5,81.74,0
219.18,2.36,44.64,50.2,0.933,2.21,2,90.41,10.51,76.93,0.52,0.48,0.41,96.26,0
246.87,2.71,45.2,49.72,0.976,1.64,3,89.0,14.12,87.79,0.67,0.65,0.74,107.94,0
238.82,6.89,29.64,49.52,0.95,1.81,1,88.79,22.88,83.4,1.65,1.56,1.77,135.46,0
229.92,4.17,44.89,49.9,0.962,1.79,5,92.88,20.05,81.15,0.96,0.92,1.03,19.12,0
244.8,8.84,39.48,49.94,0.921,2.51,3,89.0,7.48,77.14,2.16,1.99,2.17,157.6,1
230.77,4.15,41.06,50.15,0.932,1.81,1,88.47,21.02,86.21,0.96,0.89,1.0,37.82,0
221.39,5.28,56.55,49.84,0.936,3.04,8,96.81,18.41,82.34,1.17,1.09,1.17,82.98,0
245.23,7.31,34.95,50.15,0.976,2.22,6,81.3,17.41,87.85,1.79,1.75,1.87,144.06,0
235.39,8.01,51.51,50.58,1.0,1.36,9,89.74,11.58,93.2,1.89,1.89,2.01,111.94,1
219.63,8.09,42.77,50.24,0.926,1.94,3,94.64,11.95,87.32,1.78,1.65,1.65,112.59,1
228.1,6.81,42.76,49.99,0.982,1.67,9,93.13,15.69,87.49,1.55,1.53,1.44,55.95,0
221.24,6.54,51.32,49.95,0.885,0.9,9,95.1,12.23,79.59,1.45,1.28,1.4,89.67,0
216.17,5.89,47.72,49.89,0.914,2.8,1,100.0,21.56,96.74,1.27,1.16,1.07,77.18,0
239.26,6.17,49.56,50.35,0.921,2.35,3,98.49,12.02,76.51,1.48,1.36,1.38,75.84,0
249.09,4.17,52.75,49.81,0.909,2.27,6,84.22,5.27,68.88,1.04,0.95,0.92,114.29,0
216.01,3.77,42.35,50.01,0.902,2.08,8,81.95,8.49,74.29,0.81,0.74,0.67,84.94,0
235.63,4.99,40.1,50.02,0.962,1.31,4,91.63,8.81,95.34,1.18,1.13,1.35,39.29,0
223.49,4.74,36.32,49.85,0.944,1.76,5,83.23,13.68,89.59,1.06,1.0,0.9,63.53,0
225.13,4.32,38.4,49.59,0.961,2.42,9,80.37,16.08,98.12,0.97,0.94,0.86,58.86,0
224.08,6.04,68.59,50.1,0.971,1.47,6,91.58,15.27,71.77,1.35,1.31,1.14,141.26,1
221.36,6.43,54.96,49.98,0.958,0.73,7,92.84,17.3,108.2,1.42,1.36,1.54,102.13,0
230.49,5.13,34.19,50.15,0.97,1.89,7,98.56,13.74,82.16,1.18,1.15,1.19,49.6,0
221.69,7.22,34.42,49.84,0.948,1.93,4,93.84,13.92,67.4,1.6,1.52,1.59,121.03,0
232.7,3.29,48.85,50.37,0.914,2.07,4,99.6,23.76,106.96,0.77,0.7,0.79,63.13,0
229.5,4.71,49.38,49.74,0.982,2.36,4,91.78,21.03,71.9,1.08,1.06,0.99,26.37,0
227.61,3.92,49.39,50.51,0.932,2.32,5,84.32,17.04,81.02,0.89,0.83,0.73,50.16,0
220.92,2.2,42.96,49.48,0.922,2.13,5,94.11,19.58,82.94,0.49,0.45,0.39,100.97,0
224.23,4.88,44.0,50.13,0.945,2.6,8,96.67,5.37,89.44,1.09,1.03,1.13,26.16,0
237.55,4.82,47.62,50.14,0.923,1.24,9,91.96,10.89,77.09,1.14,1.06,1.1,40.17,0
235.01,7.27,45.69,49.76,0.937,2.25,2,97.25,12.84,95.39,1.71,1.6,1.41,70.01,0
220.22,5.95,27.25,50.13,0.96,2.31,7,89.38,10.95,92.54,1.31,1.26,1.08,127.59,0
230.99,3.46,43.16,50.38,0.96,1.38,1,92.73,7.27,85.19,0.8,0.77,0.65,45.11,0
237.51,7.78,38.19,49.33,0.923,1.25,1,89.13,17.1,98.24,1.85,1.71,1.79,115.23,0
213.31,6.83,46.4,50.15,0.935,1.63,4,100.0,21.93,84.32,1.46,1.36,1.09,102.19,0
235.43,5.87,68.88,49.25,0.982,1.67,7,94.21,14.94,82.24,1.38,1.36,1.1,137.02,1
223.37,4.66,47.94,49.71,0.965,2.38,2,84.42,18.24,104.98,1.04,1.0,0.96,41.89,0
235.71,3.56,42.49,50.49,1.0,1.69,2,99.26,14.79,87.96,0.84,0.84,0.9,61.45,0
222.37,4.44,52.37,49.83,0.985,1.57,1,86.33,12.79,75.14,0.99,0.97,1.05,68.58,0
211.95,6.63,48.86,49.65,0.984,1.69,2,90.07,19.6,76.5,1.41,1.38,1.35,112.54,0
213.72,7.83,48.36,49.94,0.908,2.56,7,92.34,7.86,85.19,1.67,1.52,1.64,131.07,0
230.48,7.31,49.85,50.62,0.973,2.01,9,92.75,5.68,61.02,1.69,1.64,1.65,73.27,0
232.6,4.27,61.45,49.45,0.948,1.91,6,92.42,7.79,78.67,0.99,0.94,1.12,93.5,1
220.96,3.32,35.95,49.68,0.933,1.94,2,84.33,19.27,84.0,0.73,0.68,0.59,105.16,0
236.39,5.21,48.79,50.45,0.955,2.65,9,92.44,15.44,83.33,1.23,1.18,1.22,41.77,0
213.38,2.35,37.59,50.56,0.978,1.63,7,95.5,16.88,72.43,0.5,0.49,0.49,145.21,0
229.34,5.48,49.44,49.97,0.965,2.66,1,95.36,23.38,80.51,1.26,1.21,1.07,31.49,0
217.89,4.78,37.65,49.63,0.924,2.11,9,83.49,9.18,96.8,1.04,0.96,1.06,75.91,0
223.48,4.3,41.66,50.63,0.972,1.92,2,86.72,21.02,94.73,0.96,0.93,0.85,51.17,0
230.47,2.61,42.64,50.48,0.931,3.25,4,84.78,13.02,85.96,0.6,0.56,0.53,64.57,0
221.4,5.77,52.81,50.2,0.957,1.47,9,91.7,12.26,84.31,1.28,1.22,1.16,78.33,0
226.15,4.2,52.35,49.76,0.941,1.82,4,82.24,15.41,83.38,0.95,0.89,0.8,61.19,0
240.06,3.25,35.03,49.99,0.943,1.38,3,84.39,16.19,87.36,0.78,0.73,0.71,114.06,0
224.23,0.69,45.44,49.95,0.973,2.48,1,86.67,13.95,86.03,0.16,0.15,0.15,116.8,0
238.36,4.96,39.32,50.1,0.919,2.84,7,81.02,18.05,88.24,1.18,1.09,1.19,52.43,0
218.7,7.66,34.93,50.44,1.0,2.83,6,89.86,15.43,90.02,1.67,1.67,1.85,138.68,0
235.3,7.49,43.26,50.26,0.895,2.61,4,79.47,14.0,72.89,1.76,1.58,1.36,80.27,0
244.42,4.31,42.53,49.68,0.932,1.9,6,92.43,12.92,81.9,1.05,0.98,1.02,73.57,0
205.28,4.1,64.41,50.41,0.961,1.82,6,88.01,16.19,86.98,0.84,0.81,0.94,183.35,1
222.03,5.7,48.46,50.09,0.968,1.16,4,86.88,8.22,75.34,1.27,1.23,1.03,56.62,0
235.77,3.5,33.98,50.21,0.947,3.02,6,87.7,9.63,78.26,0.83,0.78,0.77,98.44,0
227.97,5.45,40.48,50.44,0.948,2.23,8,89.7,13.16,82.82,1.24,1.18,1.3,35.65,0
233.71,6.15,53.17,49.67,0.962,1.75,3,92.96,17.72,83.31,1.44,1.38,1.44,71.95,0
223.96,6.84,61.71,49.99,0.943,2.66,4,96.59,25.71,87.17,1.53,1.44,1.21,130.65,1
230.87,4.85,32.31,49.84,0.992,1.51,1,95.07,14.2,76.52,1.12,1.11,1.06,59.09,0
228.44,4.69,29.96,49.53,0.975,2.2,4,100.0,6.13,94.68,1.07,1.05,1.05,74.64,0
241.68,3.68,59.97,50.1,0.976,1.91,9,93.38,11.05,83.23,0.89,0.87,1.04,130.56,0
232.54,3.76,48.12,50.75,0.921,2.32,8,90.7,18.29,86.45,0.87,0.81,0.7,49.03,0
233.38,4.66,38.05,49.45,0.948,1.97,4,87.71,10.15,81.3,1.09,1.03,1.23,47.75,0
225.88,5.55,49.28,49.99,0.941,1.27,7,87.88,8.47,87.36,1.25,1.18,1.12,43.8,0
225.12,6.37,23.91,50.19,0.92,2.04,3,92.7,18.27,101.71,1.43,1.32,1.16,134.56,0
225.67,3.8,45.03,50.04,0.961,2.52,9,85.0,17.32,81.21,0.86,0.82,0.79,41.3,0
233.94,7.24,47.62,49.97,0.934,1.99,4,91.14,7.64,79.56,1.69,1.58,1.65,73.83,0
225.79,4.59,52.39,49.61,0.97,2.39,2,89.91,10.53,76.7,1.04,1.01,0.89,53.88,0
232.9,4.97,36.89,50.07,0.918,1.48,5,86.36,21.22,84.4,1.16,1.06,0.97,44.17,0
250.75,3.88,45.69,49.77,1.0,1.99,2,84.74,19.26,84.29,0.97,0.97,1.11,96.94,1
238.71,1.36,37.6,49.34,0.923,1.69,6,100.0,9.01,85.51,0.33,0.3,0.36,140.69,0
226.74,6.33,47.04,50.36,0.957,2.37,1,83.02,5.06,89.68,1.43,1.37,1.27,48.85,0
242.01,6.11,37.84,50.29,0.974,2.02,6,89.66,16.34,88.42,1.48,1.44,1.24,94.45,0
225.92,4.58,41.74,50.02,0.933,2.35,4,96.11,13.52,84.77,1.03,0.96,1.08,36.58,0
209.62,5.1,37.03,50.07,0.976,2.54,3,92.65,15.91,104.54,1.07,1.04,1.08,103.36,1
219.92,5.77,50.21,50.32,0.913,2.35,2,87.63,18.17,91.91,1.27,1.16,0.97,72.51,0
211.29,2.66,51.87,50.07,0.994,2.14,7,84.04,10.22,74.11,0.56,0.56,0.66,143.06,0
226.48,4.21,43.12,50.27,0.95,1.5,9,90.65,12.84,69.55,0.95,0.91,0.75,37.17,0
230.18,6.19,45.31,49.91,0.932,2.0,3,76.8,10.5,78.04,1.43,1.33,1.4,28.36,0
246.76,3.12,33.41,50.39,0.941,1.73,6,90.85,10.68,86.53,0.77,0.72,0.7,145.98,0
233.27,5.44,42.6,50.1,0.974,1.83,9,90.17,17.82,77.21,1.27,1.24,1.26,30.67,0
227.81,2.97,44.6,50.06,0.932,1.81,2,95.35,15.72,78.72,0.68,0.63,0.56,54.2,0
238.29,5.7,65.97,49.62,0.928,1.51,7,84.28,7.19,85.26,1.36,1.26,1.35,130.55,1
207.89,4.95,36.1,50.09,0.943,1.02,5,88.38,18.63,81.58,1.03,0.97,1.15,111.96,1
232.36,2.58,56.71,49.75,0.915,1.67,5,92.18,13.25,64.52,0.6,0.55,0.54,110.5,0
237.71,6.75,52.97,49.81,1.0,2.1,7,91.03,18.86,95.77,1.6,1.6,1.62,97.75,0
215.21,3.9,47.25,49.76,0.933,1.33,9,83.29,9.93,93.45,0.84,0.78,0.7,83.13,0
241.44,3.78,59.07,49.68,0.975,2.01,4,86.76,10.37,72.15,0.91,0.89,1.03,123.75,0
233.38,5.3,47.98,50.64,0.956,2.95,9,97.0,16.26,85.57,1.24,1.18,1.41,30.37,0
225.85,6.72,48.11,50.4,0.92,2.51,9,91.3,9.52,73.83,1.52,1.4,1.56,65.1,0
236.33,3.48,44.58,50.58,0.95,2.82,4,81.68,13.63,78.91,0.82,0.78,0.79,56.72,0
252.71,5.09,54.79,49.63,0.974,2.2,3,94.42,8.95,89.86,1.29,1.25,1.48,118.53,1
231.82,5.64,53.77,50.02,0.944,2.58,2,82.0,13.04,93.1,1.31,1.24,1.06,56.91,0
232.48,6.04,39.99,49.61,0.986,1.64,9,88.46,14.84,92.87,1.4,1.38,1.37,52.23,0
225.41,5.26,34.45,49.79,0.981,1.68,2,92.82,15.08,87.45,1.19,1.16,1.18,65.17,0
221.5,4.45,43.38,49.72,0.978,0.63,6,96.07,13.18,97.75,0.99,0.96,0.96,47.33,0
238.3,3.76,38.6,50.37,0.936,2.59,5,78.31,16.67,78.89,0.9,0.84,0.94,81.93,0
221.44,5.13,44.49,49.88,0.918,2.77,5,93.56,15.74,81.11,1.14,1.04,1.11,33.53,0
230.72,3.39,54.9,50.32,0.932,1.72,4,94.31,14.55,59.05,0.78,0.73,0.62,79.37,0
225.22,0.62,41.34,50.18,0.956,1.87,6,87.21,11.87,84.07,0.14,0.13,0.12,128.54,0
234.79,5.65,44.66,50.69,0.966,1.62,5,90.45,20.34,90.8,1.33,1.28,1.2,31.95,0
233.34,6.36,45.46,49.56,0.885,2.19,4,74.74,16.93,87.85,1.48,1.31,1.35,43.19,0
240.38,1.46,51.79,50.38,0.95,2.56,9,76.26,9.82,78.76,0.35,0.33,0.3,141.63,0
224.9,3.49,27.02,50.34,0.955,1.13,6,95.54,18.24,93.45,0.78,0.75,0.63,125.55,0
227.3,5.93,40.15,49.71,0.942,2.2,3,87.31,19.38,84.26,1.35,1.27,1.35,49.86,0
220.21,8.09,46.69,50.3,0.989,1.86,6,88.27,14.59,92.66,1.78,1.76,2.01,108.25,1
225.56,5.03,54.6,50.1,0.963,2.06,1,91.17,14.92,89.86,1.13,1.09,1.28,55.51,0
233.77,3.91,41.06,49.93,0.989,2.23,5,88.17,4.71,99.25,0.91,0.9,1.07,53.24,0
237.57,4.73,29.99,49.75,0.944,1.91,6,87.71,10.78,88.39,1.12,1.06,1.18,93.88,0
220.78,7.06,49.96,49.78,0.978,1.95,8,91.97,19.22,91.1,1.56,1.53,1.31,97.23,0
238.7,4.03,39.92,50.61,0.999,1.89,9,82.52,11.09,84.23,0.96,0.96,1.1,71.7,0
243.56,3.8,35.48,50.0,0.989,2.49,3,95.8,14.2,79.97,0.93,0.92,0.88,111.48,0
234.13,4.28,40.01,50.23,0.917,2.21,2,88.85,10.71,89.91,1.0,0.92,1.0,50.68,0
248.77,3.57,43.52,49.76,0.942,2.11,4,84.97,16.15,100.03,0.89,0.84,0.85,100.49,0
222.26,5.18,40.16,49.77,0.94,1.36,8,84.3,16.97,78.84,1.15,1.08,1.22,50.04,0
217.55,7.44,27.36,50.32,0.965,1.81,8,90.21,17.1,82.52,1.62,1.56,1.51,169.16,0
212.21,5.48,52.18,49.6,0.971,2.45,3,88.47,9.3,85.27,1.16,1.13,0.93,99.96,0
244.96,4.62,55.2,49.88,0.925,2.02,4,82.26,15.53,91.85,1.13,1.05,1.07,100.78,0
236.54,4.56,50.21,50.01,0.952,2.33,3,86.99,22.88,88.45,1.08,1.03,0.89,53.26,0
229.44,2.66,35.9,50.03,0.889,2.88,2,85.95,18.74,94.13,0.61,0.54,0.64,91.88,0
232.8,6.32,43.39,49.95,0.993,2.52,4,96.31,15.47,104.74,1.47,1.46,1.48,45.49,0
218.75,4.88,44.95,50.12,0.935,2.05,6,90.65,5.35,78.61,1.07,1.0,1.02,40.33,0
254.46,4.73,49.79,50.21,0.952,1.74,5,97.85,13.75,91.1,1.2,1.15,1.33,107.5,1
231.29,9.79,50.35,50.22,0.941,0.72,3,86.45,23.23,88.21,2.26,2.13,2.24,133.02,1
231.09,5.45,39.13,49.7,0.984,1.92,2,88.54,21.59,85.19,1.26,1.24,1.14,38.08,0
237.26,3.87,45.66,49.91,0.865,1.84,9,91.93,17.31,91.06,0.92,0.79,0.73,51.99,1
234.81,4.36,48.66,50.36,0.95,2.2,1,93.02,11.4,82.33,1.02,0.97,0.97,45.49,0
232.24,6.72,56.65,50.27,0.947,1.92,9,93.6,15.26,88.23,1.56,1.48,1.7,94.27,0
222.1,5.17,50.64,49.59,0.936,1.84,1,85.56,18.87,71.95,1.15,1.08,1.2,53.61,0
234.71,2.84,51.31,50.11,1.0,1.11,7,85.7,19.7,79.61,0.67,0.67,0.79,89.96,0
248.82,6.38,45.67,49.41,0.923,1.53,6,88.22,16.56,95.48,1.59,1.47,1.21,96.17,0
243.45,4.0,56.28,50.01,0.973,2.24,7,97.4,19.28,95.09,0.97,0.95,0.86,114.13,0
245.93,7.81,48.28,50.57,0.961,2.86,3,85.0,14.71,87.59,1.92,1.85,1.54,129.21,0
224.89,6.62,38.11,49.72,0.988,1.95,3,87.37,14.49,80.47,1.49,1.47,1.62,81.75,0
220.1,4.33,56.23,49.75,0.93,2.16,1,93.65,12.71,93.25,0.95,0.89,0.76,94.68,0
228.74,6.92,50.58,50.23,0.928,2.48,4,93.38,17.12,97.36,1.58,1.47,1.23,70.16,0
230.56,5.1,41.46,49.54,0.983,1.59,2,92.78,20.0,80.88,1.18,1.16,1.18,18.89,0
240.94,6.28,41.16,49.81,0.963,2.18,8,90.4,18.54,70.45,1.51,1.46,1.4,80.88,0
213.08,5.73,47.37,50.18,0.904,1.63,3,84.67,8.91,89.49,1.22,1.1,1.2,82.46,0
245.3,3.73,48.71,49.81,0.934,2.43,7,86.55,9.18,94.14,0.92,0.85,0.85,94.64,0
228.42,4.03,46.58,49.93,0.962,2.08,7,95.63,20.52,90.87,0.92,0.89,0.86,33.29,0
225.73,6.54,47.49,50.22,0.975,2.15,9,93.87,15.88,100.65,1.48,1.44,1.4,58.94,0
219.88,4.5,58.6,50.13,0.93,1.61,6,83.33,16.08,100.69,0.99,0.92,1.06,101.56,0
213.45,4.39,53.57,50.08,0.863,2.35,1,94.35,15.97,81.95,0.94,0.81,0.78,104.33,1
238.23,3.57,46.53,49.9,0.966,3.04,8,96.54,23.76,86.99,0.85,0.82,0.77,65.63,0
230.73,5.64,52.53,50.11,0.913,1.5,1,90.27,12.77,80.03,1.3,1.19,1.11,47.94,0
217.1,8.09,36.74,49.96,0.889,1.83,3,92.13,20.58,74.78,1.76,1.56,1.37,146.17,1
217.05,3.4,48.18,50.14,0.865,2.12,5,95.06,16.17,75.37,0.74,0.64,0.73,92.02,1
226.64,5.04,59.47,49.85,0.974,2.39,8,86.52,7.0,92.17,1.14,1.11,0.96,72.31,0
246.69,7.12,43.26,49.95,0.954,1.72,9,100.0,10.88,88.03,1.76,1.67,1.95,109.98,0
227.4,4.88,38.22,49.7,0.943,0.58,7,96.12,11.96,93.9,1.11,1.05,0.96,39.56,0
214.97,5.68,39.78,49.99,0.992,2.68,9,92.62,20.47,110.32,1.22,1.21,1.4,86.92,0
227.54,3.41,36.28,49.76,0.969,2.38,3,89.83,21.14,90.0,0.78,0.75,0.84,79.93,0
227.27,5.64,38.72,49.67,0.998,1.13,5,92.47,16.77,77.12,1.28,1.28,1.32,49.53,0
203.03,4.72,42.04,50.08,0.908,1.7,8,82.2,12.39,95.35,0.96,0.87,0.93,108.48,1
229.46,6.48,33.76,50.06,0.949,2.78,1,100.0,10.45,76.93,1.49,1.41,1.31,81.52,0
227.69,6.78,45.12,50.23,0.901,2.72,8,95.64,20.69,102.48,1.54,1.39,1.43,47.8,0
236.96,8.88,52.22,49.87,0.943,2.47,7,97.32,8.58,65.29,2.11,1.99,1.82,139.6,1
248.49,5.87,37.74,50.12,0.943,1.91,1,90.15,14.48,79.53,1.46,1.37,1.32,111.21,0
241.27,5.49,57.15,50.17,0.969,2.04,6,88.2,26.82,91.22,1.32,1.28,1.42,99.05,0
227.31,5.29,49.09,50.13,0.951,1.93,1,86.63,12.4,96.78,1.2,1.14,1.03,32.47,0
218.93,4.47,53.24,49.75,0.969,2.56,2,94.07,8.64,78.23,0.98,0.95,1.08,83.01,0
255.73,5.51,39.74,50.04,0.971,1.56,5,87.44,6.17,76.42,1.41,1.37,1.3,118.99,1
230.59,4.56,51.84,50.11,1.0,1.6,2,89.06,27.02,86.48,1.05,1.05,1.06,40.3,0
230.14,5.25,36.26,50.0,0.941,2.51,1,92.73,16.74,104.09,1.21,1.14,1.34,42.48,0
229.76,6.98,52.12,49.37,0.922,1.98,6,86.7,10.65,69.62,1.6,1.48,1.58,74.4,0
231.98,3.49,46.37,50.05,0.957,2.69,8,95.22,14.05,81.86,0.81,0.78,0.82,45.88,0
228.56,6.71,49.43,50.66,0.926,1.66,8,89.91,11.69,87.6,1.53,1.42,1.54,61.25,0
224.26,6.98,35.6,49.89,0.994,1.97,8,82.46,5.68,77.04,1.56,1.56,1.82,102.21,0
224.53,4.82,37.84,49.78,0.942,1.54,6,86.65,18.94,77.01,1.08,1.02,0.92,52.0,0
229.67,1.82,49.78,50.11,0.933,2.0,3,96.54,15.17,82.67,0.42,0.39,0.41,91.73,0
224.57,4.09,37.41,50.09,0.936,1.26,1,85.31,18.52,87.93,0.92,0.86,0.82,69.99,0
222.87,6.95,48.71,50.36,0.972,1.76,2,94.47,15.03,83.05,1.55,1.5,1.21,82.43,0
231.06,4.97,34.06,49.62,0.945,1.28,5,90.61,15.66,99.66,1.15,1.08,0.92,49.88,0
227.45,3.5,51.79,50.22,0.931,2.35,5,89.14,3.83,90.93,0.8,0.74,0.69,70.08,0
245.04,4.24,35.14,50.18,1.0,2.36,1,100.0,19.54,88.83,1.04,1.04,1.07,108.04,0
203.49,6.26,49.42,49.96,0.924,1.13,1,83.58,9.56,95.28,1.27,1.18,1.36,134.8,1
240.92,5.82,50.01,50.1,0.951,2.67,9,86.3,10.84,89.01,1.4,1.33,1.49,75.46,0
242.46,4.64,39.43,50.31,0.97,3.25,2,89.88,12.36,80.57,1.13,1.09,1.11,72.73,0
209.27,4.45,49.66,50.26,0.901,2.02,7,100.0,4.71,82.37,0.93,0.84,0.7,100.74,1
226.57,4.41,47.08,49.66,0.964,1.68,4,89.89,12.09,73.71,1.0,0.96,0.88,33.16,0
226.29,3.62,40.69,50.25,0.918,3.41,7,91.37,11.74,105.05,0.82,0.75,0.71,61.09,0
215.92,7.42,36.93,49.98,0.975,1.34,8,88.32,13.11,94.31,1.6,1.56,1.64,134.38,0
222.22,4.52,29.3,50.02,0.921,2.01,5,91.79,6.49,59.4,1.0,0.92,0.76,102.09,0
218.89,6.83,47.8,50.02,0.971,2.09,1,88.63,19.64,98.33,1.49,1.45,1.47,89.25,0
247.52,7.28,32.48,49.95,0.983,2.67,4,93.48,16.99,70.34,1.8,1.77,2.06,161.28,0
239.36,6.5,45.76,50.36,0.976,2.18,3,93.87,10.68,90.21,1.56,1.52,1.64,67.64,0
242.72,4.35,42.89,49.97,0.958,1.75,5,88.83,12.09,62.96,1.06,1.01,1.13,65.55,0
237.22,5.61,50.43,49.66,0.943,1.52,6,84.37,19.19,80.72,1.33,1.25,1.35,60.15,0
218.71,4.96,42.58,49.88,0.933,1.83,2,90.47,13.71,98.41,1.09,1.01,0.89,48.51,0
224.75,3.64,42.36,50.05,0.994,1.5,7,97.01,8.8,98.97,0.82,0.81,0.69,58.59,0
234.89,5.49,50.85,50.37,0.929,2.02,3,85.87,14.58,88.07,1.29,1.2,1.36,51.52,0
217.78,3.23,47.68,50.18,0.919,1.72,1,91.67,9.56,92.87,0.7,0.65,0.7,91.21,0
237.13,6.78,47.53,49.74,0.97,1.25,3,83.97,11.46,70.86,1.61,1.56,1.61,73.89,0
227.6,4.3,48.75,50.75,0.926,2.63,9,84.8,14.75,90.38,0.98,0.91,0.79,39.14,0
226.25,5.3,32.72,50.08,0.921,1.75,6,96.5,20.28,93.51,1.2,1.11,1.15,70.39,0
237.11,5.42,51.05,50.38,0.907,1.37,6,93.46,25.12,110.7,1.29,1.17,0.95,58.37,0
234.44,4.61,49.9,49.95,0.936,1.92,4,91.74,21.81,78.77,1.08,1.01,0.86,43.85,0
226.39,5.88,36.87,50.16,0.948,2.03,8,78.39,14.64,85.16,1.33,1.26,1.17,65.48,0
241.59,4.29,43.05,50.25,0.957,1.13,5,87.24,26.29,85.78,1.04,0.99,0.97,62.61,0
219.19,6.31,44.69,50.37,0.979,2.17,7,93.03,17.79,91.99,1.38,1.35,1.15,66.39,0
236.16,2.98,43.92,50.32,0.966,1.48,9,82.75,10.1,93.81,0.7,0.68,0.58,69.88,0
235.93,5.19,47.67,50.26,0.944,2.86,5,88.23,15.47,95.61,1.22,1.16,1.26,35.11,0
226.9,7.91,56.45,49.91,0.944,2.26,5,93.83,11.72,94.88,1.79,1.69,1.74,122.66,0
233.26,3.5,53.65,49.83,0.965,1.8,4,82.44,8.76,70.19,0.82,0.79,0.8,80.27,0
217.49,3.98,34.5,50.1,0.988,1.63,6,81.6,9.13,58.87,0.87,0.86,0.84,108.04,0
239.24,5.77,49.98,50.28,0.954,1.95,2,82.53,14.26,79.86,1.38,1.32,1.57,68.67,0
228.15,5.27,55.63,49.93,0.936,2.31,3,91.67,18.77,84.65,1.2,1.13,0.92,56.45,0
224.77,5.53,48.09,50.32,0.92,1.99,1,87.22,20.34,78.87,1.24,1.14,1.0,42.01,0
240.49,5.73,53.73,50.44,0.907,1.89,2,94.39,8.78,80.4,1.38,1.25,1.32,87.64,0
222.96,5.95,61.1,49.73,0.97,2.03,2,90.61,13.48,81.64,1.33,1.29,1.1,111.71,1
215.92,6.66,53.19,49.75,0.967,1.7,8,99.4,17.43,90.77,1.44,1.39,1.44,118.06,0
214.43,5.61,46.99,49.96,0.967,1.83,8,83.81,15.76,74.66,1.2,1.16,1.2,73.86,0
236.06,4.64,53.36,50.09,0.946,0.96,2,91.66,18.47,84.22,1.09,1.04,1.23,63.08,0
217.2,6.01,46.16,49.84,0.992,2.49,6,86.02,12.83,84.3,1.31,1.29,1.49,69.93,0
247.55,7.85,45.19,50.41,0.935,2.15,5,93.0,21.36,90.55,1.94,1.82,2.14,122.62,0
209.18,4.8,42.19,50.13,0.979,1.61,3,90.6,14.98,96.62,1.0,0.98,0.83,85.53,1
246.96,3.54,57.51,50.01,0.949,2.95,5,85.03,18.79,101.84,0.87,0.83,0.95,141.15,0
232.11,6.66,38.45,49.57,0.932,2.04,5,89.21,13.1,77.54,1.55,1.44,1.23,71.22,0
229.03,4.82,57.26,49.61,0.968,1.48,5,90.37,15.29,65.0,1.1,1.07,1.13,58.32,0
224.55,1.74,49.0,50.08,0.962,2.43,3,87.0,7.02,82.58,0.39,0.38,0.41,107.25,0
233.99,6.27,33.81,49.36,0.961,2.2,3,93.64,10.82,69.11,1.47,1.41,1.22,88.2,0
229.62,4.2,47.94,50.3,0.952,2.2,4,84.84,13.96,112.35,0.96,0.92,0.97,31.35,0
241.03,4.86,28.2,49.95,0.949,1.79,7,100.0,15.5,76.27,1.17,1.11,0.91,109.8,0
231.14,5.5,50.0,50.97,1.0,2.23,2,94.77,28.41,90.64,1.27,1.27,1.17,35.72,0
231.5,5.29,52.08,50.69,0.986,1.87,4,91.74,13.09,94.34,1.22,1.21,1.41,40.87,0
226.36,6.06,40.26,49.95,0.972,2.28,4,100.0,8.12,88.41,1.37,1.33,1.16,55.51,0
229.43,4.35,45.99,49.97,0.953,1.05,1,88.45,23.51,105.77,1.0,0.95,0.79,20.53,0
233.08,5.77,60.63,50.3,0.98,1.78,8,93.06,20.39,82.98,1.34,1.32,1.29,92.5,1
212.9,4.61,40.95,50.51,0.966,2.86,1,91.11,9.22,76.65,0.98,0.95,1.08,82.52,0
216.52,6.11,36.53,49.51,0.951,1.62,8,93.99,17.33,76.13,1.32,1.26,1.04,104.86,0
237.43,5.92,56.85,49.46,0.941,1.7,7,97.48,19.18,92.5,1.41,1.32,1.25,94.68,0
231.71,3.6,60.7,49.81,0.948,1.78,9,92.74,15.82,83.1,0.83,0.79,0.92,102.3,1
228.16,6.63,45.03,50.17,0.855,1.39,8,95.21,16.63,76.14,1.51,1.29,1.1,42.46,1
230.18,4.2,53.09,50.15,0.956,0.9,5,87.25,11.84,89.41,0.97,0.92,0.85,52.2,0
233.48,6.21,55.73,50.32,0.935,1.88,8,88.97,17.52,92.09,1.45,1.36,1.51,83.24,0
224.6,5.55,39.06,49.64,0.998,2.07,3,98.19,12.54,87.71,1.25,1.24,1.27,54.98,0
222.22,7.76,41.12,49.31,0.951,1.97,7,92.98,1.77,94.0,1.72,1.64,1.86,103.39,0
231.96,4.66,54.85,50.26,0.914,1.93,4,91.24,15.98,85.88,1.08,0.99,0.84,55.01,0
220.22,4.48,58.48,49.75,0.949,2.02,5,86.23,6.62,79.06,0.99,0.93,1.09,100.42,0
234.08,4.97,49.5,49.39,0.919,2.51,9,94.83,20.07,93.11,1.16,1.07,1.25,33.02,0
212.97,4.55,37.96,50.04,0.964,1.9,7,86.09,9.35,76.1,0.97,0.93,0.8,96.19,0
240.29,6.2,60.9,50.24,0.959,1.71,4,84.62,2.73,73.71,1.49,1.43,1.16,127.21,1
234.73,2.58,40.75,49.96,0.979,1.86,6,90.57,6.15,96.56,0.6,0.59,0.71,87.33,0
232.56,3.42,42.32,49.86,0.926,2.29,7,77.99,14.79,81.52,0.8,0.74,0.73,54.83,0
239.83,3.4,47.74,49.95,0.951,2.71,9,93.06,15.93,101.66,0.82,0.78,0.8,79.76,0
246.65,6.43,57.43,49.89,0.909,1.69,4,91.88,7.94,93.57,1.58,1.44,1.51,139.0,0
240.14,7.57,51.83,49.6,0.971,2.05,3,88.24,9.64,80.76,1.82,1.76,1.97,119.3,0
211.59,4.84,48.32,49.79,0.966,2.17,8,88.69,14.96,89.86,1.02,0.99,1.11,78.67,0
217.2,4.75,48.71,50.16,0.965,1.5,1,89.4,19.86,110.28,1.03,0.99,0.87,63.72,0
223.75,5.11,45.35,50.1,0.95,2.01,9,86.05,8.95,92.54,1.14,1.09,0.97,24.61,0
230.26,6.74,49.47,50.05,0.962,1.27,1,90.92,16.9,90.82,1.55,1.49,1.72,58.2,0
235.18,3.61,24.76,49.7,0.998,1.12,2,88.75,6.31,79.05,0.85,0.85,0.96,132.49,0
222.74,5.36,42.63,49.95,0.941,2.18,8,90.56,16.58,103.45,1.19,1.12,1.18,42.02,0
231.87,6.46,46.93,49.35,0.954,1.81,9,89.22,18.78,98.18,1.5,1.43,1.71,46.78,0
222.45,5.75,35.79,50.05,0.917,2.1,7,88.24,17.62,79.14,1.28,1.17,1.28,80.25,0
223.88,5.28,48.09,50.43,0.924,1.99,3,91.39,19.97,103.8,1.18,1.09,0.97,39.58,0
215.93,6.5,43.36,49.56,0.953,1.51,7,93.91,19.64,86.65,1.4,1.34,1.52,87.07,0
220.77,0.95,59.04,49.82,0.983,1.98,6,87.38,24.23,76.6,0.21,0.21,0.2,179.4,0
216.48,6.02,57.58,50.1,0.942,1.38,2,91.98,15.54,79.01,1.3,1.23,1.0,120.09,0
220.24,4.02,41.27,50.38,0.943,2.7,3,92.6,24.25,93.78,0.89,0.83,0.77,69.86,0
240.54,2.25,43.79,49.87,0.938,1.32,5,83.58,10.28,76.66,0.54,0.51,0.56,101.17,0
220.51,5.77,44.41,49.79,0.934,1.9,4,94.88,13.97,73.97,1.27,1.19,1.41,51.15,0
256.32,7.06,41.39,49.41,0.959,1.48,2,100.0,14.42,80.61,1.81,1.74,1.58,148.59,1
234.93,4.79,46.56,50.03,0.905,2.29,4,89.56,9.79,82.1,1.13,1.02,0.92,27.53,0
231.85,6.43,38.93,50.61,0.988,1.83,8,89.14,3.2,78.27,1.49,1.47,1.51,63.2,0
221.42,7.42,35.96,50.08,0.93,1.74,5,88.93,19.35,80.46,1.64,1.53,1.72,120.04,0
237.0,6.97,49.98,49.99,0.972,2.43,5,93.1,10.35,94.17,1.65,1.61,1.76,87.93,0
224.24,7.46,50.04,50.1,0.912,2.01,3,92.55,13.0,87.57,1.67,1.53,1.56,94.84,0
231.22,6.11,38.57,50.0,0.97,2.26,8,82.05,22.92,79.84,1.41,1.37,1.44,55.62,0
255.6,5.11,52.16,49.76,0.97,1.51,6,85.67,17.86,80.72,1.31,1.27,1.14,117.7,1
229.04,2.6,39.95,50.25,0.962,1.3,2,92.54,23.7,83.68,0.59,0.57,0.56,77.65,0
241.49,4.63,47.03,50.07,0.92,2.05,2,89.27,15.6,84.26,1.12,1.03,0.93,54.95,0
222.97,3.74,51.56,50.01,0.957,1.84,9,84.17,17.78,84.3,0.83,0.8,0.92,78.89,0
229.65,8.26,44.73,49.71,0.915,2.31,7,97.5,13.8,93.8,1.9,1.73,1.47,74.65,1
247.71,4.74,48.64,50.39,0.942,1.96,9,86.0,10.76,86.97,1.17,1.11,1.19,80.05,0
223.73,5.18,40.87,50.2,0.981,2.1,6,90.18,17.76,87.26,1.16,1.14,1.03,42.22,0
248.12,5.83,43.43,49.83,0.974,1.19,5,89.14,12.82,99.27,1.45,1.41,1.39,85.35,0
237.08,5.07,43.35,50.3,0.95,2.94,1,84.61,18.22,103.77,1.2,1.14,1.05,31.91,0
224.38,7.54,39.03,49.85,0.921,1.92,6,90.92,12.15,72.69,1.69,1.56,1.45,100.14,0
236.32,4.07,43.59,49.77,0.969,2.35,6,91.96,14.12,69.21,0.96,0.93,0.84,47.73,0
239.73,5.29,32.61,49.77,0.951,1.58,3,87.66,14.52,81.51,1.27,1.21,1.33,90.53,0
236.22,3.89,41.07,49.47,0.88,2.15,3,88.32,20.38,92.83,0.92,0.81,0.76,61.85,0
214.3,3.02,42.72,50.14,0.973,1.35,3,93.0,12.88,88.76,0.65,0.63,0.69,105.84,0
222.73,4.08,42.95,49.45,0.949,2.23,3,80.12,20.93,95.54,0.91,0.86,0.85,53.17,0
227.52,4.94,43.07,49.63,0.986,1.82,7,85.77,10.48,81.08,1.12,1.11,1.13,17.54,0
229.26,4.36,44.51,49.38,0.917,2.01,2,91.07,16.35,65.43,1.0,0.92,0.93,18.85,0
236.21,3.96,48.84,49.97,0.855,2.35,2,87.37,11.56,71.33,0.94,0.8,0.95,59.75,1
231.78,2.89,52.0,49.95,0.958,1.38,3,87.29,20.58,90.65,0.67,0.64,0.61,81.95,0
216.65,4.88,39.8,49.9,0.959,1.66,7,94.51,10.91,95.62,1.06,1.01,0.89,68.94,0
233.8,2.74,35.37,49.69,0.899,2.23,3,86.83,11.42,65.93,0.64,0.58,0.67,102.94,0
236.11,6.14,36.66,49.65,0.921,3.05,7,99.9,8.72,99.11,1.45,1.33,1.16,80.42,0
235.6,5.12,41.1,50.14,1.0,1.93,9,81.23,15.52,89.65,1.21,1.21,1.37,37.65,0
240.81,2.81,42.18,49.83,0.941,2.3,4,78.94,17.96,84.3,0.68,0.64,0.55,96.34,0
238.34,4.54,38.84,50.09,0.972,1.95,7,94.39,17.42,78.73,1.08,1.05,1.12,63.77,0
234.59,3.87,34.63,49.73,0.93,2.97,9,85.08,14.28,100.91,0.91,0.85,0.73,83.58,0
229.3,5.48,41.35,50.05,0.887,1.13,8,85.16,11.7,93.97,1.26,1.11,1.3,28.18,0
213.39,7.01,46.45,50.39,0.945,2.05,8,94.92,13.61,89.91,1.5,1.41,1.45,106.09,0
234.3,2.19,49.76,50.18,0.942,1.19,9,87.51,13.8,77.69,0.51,0.48,0.45,96.66,0
232.08,5.17,40.54,49.88,0.938,0.75,5,94.55,16.26,101.14,1.2,1.13,0.96,29.34,0
232.72,4.76,41.7,50.08,0.947,2.15,5,86.95,15.92,85.3,1.11,1.05,0.99,28.16,0
217.23,6.01,37.59,49.93,0.958,2.07,3,91.81,23.7,87.99,1.3,1.25,1.35,95.83,0
219.19,5.32,44.75,50.0,0.945,1.86,5,87.44,15.2,85.73,1.17,1.1,1.05,44.19,0
240.53,3.87,38.21,49.9,0.912,1.95,8,85.4,16.8,77.34,0.93,0.85,0.76,88.45,0
229.6,4.52,49.59,49.95,0.965,3.55,5,98.65,15.36,88.2,1.04,1.0,1.03,31.06,1
236.82,3.81,30.71,50.06,0.892,1.87,4,95.58,13.37,91.97,0.9,0.8,0.78,108.78,0
230.28,6.61,42.12,49.7,0.888,2.26,8,86.37,16.77,80.58,1.52,1.35,1.17,48.8,0
230.3,5.03,47.41,49.7,0.972,1.68,7,89.11,12.9,87.34,1.16,1.13,0.97,11.74,0
239.38,7.85,46.47,49.58,0.965,2.15,6,97.38,14.71,85.58,1.88,1.81,1.96,100.78,0
224.84,4.91,66.54,49.52,0.948,1.88,5,85.06,20.8,94.15,1.1,1.05,1.25,108.99,1
230.96,3.94,47.8,49.63,0.908,1.79,5,85.33,12.57,82.01,0.91,0.83,0.74,38.48,0
225.38,2.73,36.97,50.05,0.929,2.91,2,92.35,16.94,87.27,0.62,0.57,0.63,99.33,0
225.66,2.3,44.24,49.73,0.942,2.59,4,100.0,2.59,89.37,0.52,0.49,0.41,77.77,0
226.91,2.62,30.79,50.15,0.902,2.07,8,90.27,14.07,81.78,0.6,0.54,0.51,122.32,0
232.22,5.4,44.36,50.01,0.928,0.85,8,95.25,12.54,76.75,1.25,1.16,1.17,19.0,0
225.21,5.76,38.34,49.41,0.97,1.82,1,84.91,15.6,78.37,1.3,1.26,1.14,60.68,0
242.56,2.63,52.32,50.2,0.993,3.35,2,91.81,13.82,89.09,0.64,0.63,0.64,125.08,0
221.05,6.34,40.6,50.24,0.937,1.88,5,88.2,15.71,82.65,1.4,1.31,1.52,77.97,0
228.13,4.28,44.07,49.7,0.973,2.55,9,99.33,13.11,82.51,0.98,0.95,1.12,26.22,0
225.6,5.22,39.92,50.13,0.893,2.72,7,97.99,16.93,91.04,1.18,1.05,0.88,40.74,0
244.47,7.42,58.91,49.74,0.97,2.11,5,100.0,6.43,95.19,1.81,1.76,1.6,159.93,0
231.97,6.35,42.43,50.03,0.926,1.58,1,86.52,15.56,96.92,1.47,1.36,1.62,47.15,0
240.32,4.6,59.66,49.62,0.959,0.78,6,90.18,10.31,78.87,1.1,1.06,0.96,104.43,0
215.14,3.66,51.51,49.46,0.943,2.34,8,91.88,20.84,94.23,0.79,0.74,0.8,106.36,0
232.67,1.77,48.86,49.89,0.99,1.59,7,86.72,10.23,105.85,0.41,0.41,0.37,96.7,0
238.9,3.92,47.95,49.96,0.924,2.09,2,90.66,19.98,86.26,0.94,0.87,0.82,65.92,0
230.82,4.68,48.15,49.88,0.969,1.38,5,94.54,14.94,84.27,1.08,1.05,0.92,22.91,0
240.65,3.52,29.58,49.64,0.942,1.87,4,87.25,5.86,82.18,0.85,0.8,0.91,132.68,0
224.83,4.8,42.77,49.88,0.945,2.02,9,86.48,10.62,74.36,1.08,1.02,1.18,30.91,0
244.09,5.12,51.76,50.08,0.944,2.13,1,86.15,19.24,93.42,1.25,1.18,1.08,77.71,0
252.99,4.66,44.61,49.99,0.925,1.44,6,83.28,18.96,84.31,1.18,1.09,1.23,85.76,1
226.37,4.02,33.76,50.05,0.95,2.6,3,94.27,8.5,83.5,0.91,0.87,0.82,80.6,0
225.54,5.25,44.58,49.8,0.948,1.7,9,86.47,22.81,91.87,1.18,1.12,0.94,22.22,0
244.53,5.66,58.63,50.35,0.957,1.16,5,85.94,14.88,92.79,1.38,1.33,1.46,119.98,0
245.8,3.36,54.98,49.65,0.953,1.95,6,92.65,19.42,78.99,0.83,0.79,0.82,130.56,0
224.77,7.12,44.5,50.15,0.974,2.02,9,89.95,8.94,79.23,1.6,1.56,1.42,66.53,0
225.8,4.85,52.61,50.35,0.978,2.08,9,87.37,12.72,78.79,1.1,1.07,0.97,49.01,0
227.18,5.03,42.07,50.14,0.918,2.68,8,94.05,17.08,106.14,1.14,1.05,1.25,22.24,0
216.56,6.06,31.37,49.94,0.976,1.88,9,87.17,13.43,99.77,1.31,1.28,1.47,125.22,0
220.81,5.35,37.6,49.84,0.914,1.94,4,79.12,0.4,92.07,1.18,1.08,1.21,69.21,0
219.96,6.43,57.5,50.31,0.968,1.45,6,96.67,14.05,81.25,1.41,1.37,1.16,117.34,0
222.32,5.43,42.81,49.57,0.969,2.41,5,85.86,5.18,82.43,1.21,1.17,1.29,44.3,0
229.65,4.08,43.05,49.71,0.893,2.09,5,86.41,9.65,88.63,0.94,0.84,0.74,29.68,0
232.34,5.54,42.6,49.88,0.953,1.79,4,86.43,7.99,107.09,1.29,1.23,1.46,29.85,0
245.51,3.28,60.23,50.37,0.936,1.05,2,90.3,20.66,87.89,0.81,0.75,0.62,153.28,1
220.02,5.16,58.01,50.11,0.927,2.72,6,88.63,22.23,90.09,1.14,1.05,0.99,91.1,0
239.84,4.95,62.75,49.71,0.991,1.39,9,94.94,16.71,59.51,1.19,1.18,1.14,107.88,1
227.86,4.69,43.73,49.91,0.93,1.7,1,98.23,13.85,87.58,1.07,0.99,1.12,19.37,0
229.51,4.81,47.36,49.82,0.926,2.18,7,86.6,15.14,71.06,1.1,1.02,1.13,15.79,0
236.75,2.18,32.87,49.79,0.952,1.4,6,85.31,20.66,80.13,0.52,0.49,0.47,135.78,0
218.77,4.18,56.82,50.29,0.971,1.25,3,87.39,5.08,85.47,0.91,0.89,0.91,104.95,0
233.82,5.14,35.66,49.59,0.946,0.94,1,92.2,9.62,81.98,1.2,1.14,1.29,54.77,0
231.66,5.24,46.73,50.48,0.985,2.36,4,89.42,20.02,78.64,1.21,1.2,0.97,18.1,0
234.92,3.46,36.22,50.25,0.966,1.73,9,87.5,21.06,78.73,0.81,0.78,0.88,87.25,0
232.89,6.9,40.29,50.33,0.885,3.46,2,83.51,17.95,82.89,1.61,1.42,1.68,71.46,0
254.55,3.7,38.3,49.86,0.934,1.5,3,78.96,9.78,82.45,0.94,0.88,0.72,138.62,1
223.62,6.45,40.14,49.96,0.933,1.54,2,84.98,19.95,85.2,1.44,1.35,1.1,73.84,0
224.69,5.64,40.69,49.57,0.964,1.72,2,96.32,21.81,84.46,1.27,1.22,1.15,49.91,0
223.77,4.03,40.61,49.84,0.871,2.12,8,92.18,18.59,97.79,0.9,0.79,0.66,60.59,1
224.45,7.66,51.67,50.15,1.0,1.76,3,89.04,2.53,64.5,1.72,1.72,1.71,105.47,0
223.63,3.21,36.16,50.39,0.966,2.31,7,93.65,15.62,87.45,0.72,0.69,0.76,97.86,0
241.89,6.38,46.76,49.67,0.954,1.51,8,83.56,17.93,85.71,1.54,1.47,1.51,77.62,0
244.21,6.5,54.74,49.89,0.985,1.31,3,90.28,12.42,83.66,1.59,1.56,1.37,121.3,0
224.29,3.99,40.89,49.95,1.0,1.1,2,81.07,15.93,77.94,0.9,0.9,0.95,58.49,0
221.68,7.09,39.26,49.58,0.976,0.89,8,91.73,12.43,83.5,1.57,1.53,1.65,98.09,0
234.71,4.62,43.16,50.18,0.978,1.74,3,91.3,10.69,68.66,1.09,1.06,1.25,31.73,0
224.48,5.43,54.44,49.78,0.954,1.85,7,91.42,22.55,87.07,1.22,1.16,1.0,67.35,0
236.33,5.39,46.55,49.94,0.946,1.68,1,95.84,16.08,88.88,1.27,1.2,1.3,36.25,0
232.03,4.8,40.75,49.86,0.936,2.62,6,93.88,9.47,77.96,1.11,1.04,1.21,28.95,0
214.84,6.22,48.87,49.76,0.925,2.61,9,83.96,8.12,104.41,1.34,1.24,1.24,93.68,0
245.48,6.19,36.18,50.0,0.929,1.83,3,95.91,10.7,83.8,1.52,1.41,1.33,114.78,0
247.96,2.38,50.45,49.94,0.909,1.1,7,88.95,10.72,85.44,0.59,0.54,0.47,140.86,0
223.87,6.96,48.27,49.89,0.948,1.72,6,80.15,15.73,98.36,1.56,1.48,1.69,77.52,0
226.12,2.51,42.54,49.78,0.899,1.7,8,89.46,17.43,106.42,0.57,0.51,0.49,78.6,0
232.86,6.55,38.29,50.1,0.956,1.67,3,93.24,17.42,73.77,1.52,1.46,1.71,71.9,0
233.34,6.69,37.91,50.5,0.949,1.65,3,84.93,11.25,79.23,1.56,1.48,1.69,78.26,0
236.59,3.36,49.28,50.04,0.954,1.67,4,96.66,19.6,83.97,0.8,0.76,0.72,76.14,0
250.1,4.38,54.83,50.3,0.934,1.81,3,85.38,21.14,77.57,1.1,1.02,1.05,121.67,1
228.23,3.34,39.9,49.58,1.0,1.68,9,87.59,13.7,93.46,0.76,0.76,0.62,64.0,0
222.02,4.68,48.67,50.05,0.991,2.1,4,86.68,9.84,76.47,1.04,1.03,0.93,49.05,0
216.21,4.54,28.3,49.67,0.913,2.18,6,81.46,15.5,97.67,0.98,0.9,0.97,125.81,0
222.69,6.17,40.32,49.56,0.957,1.54,8,85.03,25.8,91.24,1.37,1.31,1.41,69.84,0
229.67,6.97,44.75,49.78,0.932,2.64,8,86.44,9.71,96.64,1.6,1.49,1.4,45.82,0
247.95,7.09,37.72,50.36,0.92,1.51,5,89.35,12.37,76.51,1.76,1.62,1.82,136.66,0
224.82,4.16,37.51,50.29,0.91,1.19,5,74.99,15.29,81.17,0.93,0.85,0.76,67.21,0
232.24,4.69,39.66,50.07,0.963,2.19,6,93.58,17.71,93.98,1.09,1.05,1.03,36.69,0
229.84,2.47,47.34,49.54,0.93,1.59,7,93.53,5.07,92.17,0.57,0.53,0.52,66.4,0
241.88,3.79,43.5,49.94,0.979,2.16,7,95.91,21.53,82.13,0.92,0.9,0.84,72.72,0
255.27,6.45,27.09,50.09,0.98,0.8,4,82.54,21.46,83.55,1.65,1.61,1.91,191.0,1
224.69,7.42,28.03,50.05,0.991,2.7,6,88.54,12.88,80.66,1.67,1.65,1.78,142.24,0
225.11,3.15,40.15,49.45,0.924,2.34,7,94.71,28.53,83.29,0.71,0.66,0.67,77.69,0
240.44,4.11,48.66,49.73,0.964,1.25,5,95.14,21.14,75.35,0.99,0.95,0.96,69.81,0
236.82,4.96,23.02,49.98,0.969,1.26,5,97.39,20.87,73.67,1.17,1.14,0.98,115.19,0
248.47,5.42,41.0,50.16,0.936,2.84,2,90.51,20.94,95.05,1.35,1.26,1.2,87.55,0
235.84,3.79,40.79,49.34,0.927,1.63,7,89.72,20.79,82.95,0.89,0.83,0.88,63.99,0
226.41,5.64,56.11,49.95,0.998,1.58,6,82.21,14.89,96.51,1.28,1.27,1.49,72.39,0
235.91,4.29,41.92,50.04,0.957,0.87,1,95.32,14.4,90.96,1.01,0.97,1.09,48.32,0
241.09,4.98,48.06,50.25,0.969,1.82,4,87.7,10.28,88.12,1.2,1.16,1.07,50.2,0
238.2,5.82,46.13,50.21,0.925,1.89,3,90.17,12.11,77.9,1.39,1.28,1.25,50.27,0
235.07,5.01,27.96,50.17,0.913,2.36,3,89.84,13.45,72.89,1.18,1.08,0.9,88.14,0
240.67,4.35,51.15,49.76,0.933,1.3,7,78.03,15.33,80.43,1.05,0.98,0.82,75.71,0
241.69,4.84,46.72,49.43,0.946,1.24,4,85.94,22.99,100.32,1.17,1.11,1.09,49.81,0
243.82,4.87,49.07,49.88,0.918,2.23,8,92.27,4.49,93.89,1.19,1.09,1.1,65.96,0
236.49,4.44,76.41,50.3,0.95,2.5,9,89.76,21.72,79.5,1.05,1.0,0.9,164.83,1
228.33,4.61,28.33,50.42,0.899,1.21,3,92.31,9.94,80.54,1.05,0.95,1.0,83.67,0
231.47,7.4,58.8,50.21,0.916,2.54,5,93.92,14.48,75.71,1.71,1.57,1.7,115.67,0
242.07,5.84,42.7,50.13,0.97,2.02,4,85.88,11.38,69.53,1.41,1.37,1.26,68.5,0
221.83,4.56,47.3,50.11,0.968,2.55,6,87.42,24.27,86.02,1.01,0.98,1.08,46.66,0
233.69,6.05,44.64,49.83,0.938,1.96,4,89.29,12.5,102.25,1.41,1.33,1.17,37.04,0
226.07,4.5,41.61,49.96,0.919,0.74,8,93.87,17.61,102.38,1.02,0.94,0.95,38.38,0
230.29,6.76,40.44,50.5,0.919,1.92,3,88.83,17.87,91.08,1.56,1.43,1.61,59.06,0
242.78,5.55,47.64,49.72,0.939,2.53,5,81.09,9.2,78.97,1.35,1.27,1.28,65.92,0
231.91,4.84,32.86,50.48,0.969,1.55,1,89.01,14.52,70.51,1.12,1.09,1.27,60.52,0
230.46,5.67,51.0,49.9,0.978,1.81,6,93.67,21.02,95.47,1.31,1.28,1.05,41.49,0
216.4,2.64,41.67,50.4,0.935,1.91,5,96.79,10.63,89.47,0.57,0.53,0.55,111.56,0
237.46,3.31,35.96,49.58,0.915,0.55,8,91.4,19.14,81.84,0.79,0.72,0.74,100.1,0
236.45,3.21,41.4,50.18,0.958,2.84,9,82.57,13.34,80.17,0.76,0.73,0.77,76.31,0
251.63,5.21,55.06,49.78,0.925,1.55,8,87.97,20.82,91.0,1.31,1.21,1.38,118.78,1
226.92,7.6,40.72,49.58,0.934,2.25,8,92.38,23.74,76.73,1.72,1.61,1.76,85.85,0
232.19,8.35,47.87,50.07,0.99,1.96,3,94.33,4.96,87.39,1.94,1.92,2.14,93.63,1
232.49,5.96,39.15,50.3,0.975,2.63,4,92.54,8.31,72.8,1.38,1.35,1.24,53.95,0
245.77,5.75,51.06,49.75,0.955,2.2,4,88.74,12.81,107.29,1.41,1.35,1.29,94.54,0
229.05,2.3,50.48,49.55,0.912,1.88,5,94.29,22.33,78.13,0.53,0.48,0.5,86.06,0
232.79,4.19,59.79,49.97,0.956,1.55,9,86.8,17.66,91.48,0.97,0.93,0.95,89.01,0
236.08,3.82,43.6,49.97,0.982,2.4,9,90.92,8.78,73.02,0.9,0.89,1.05,52.37,0
231.87,4.07,50.35,50.16,0.939,1.06,1,93.75,18.39,83.37,0.94,0.89,0.77,49.2,0
225.54,4.75,45.78,50.28,0.991,2.32,8,92.88,10.43,93.85,1.07,1.06,1.0,23.75,0
231.94,4.29,55.37,49.98,0.989,1.45,1,93.0,19.35,96.01,1.0,0.98,1.01,65.4,0
240.74,2.03,39.25,50.56,1.0,2.63,2,92.87,17.69,92.63,0.49,0.49,0.56,125.73,0
219.73,6.12,50.96,50.07,0.959,2.08,7,84.76,10.41,83.62,1.35,1.29,1.51,83.98,0
231.33,3.39,43.44,49.9,0.968,2.32,8,90.09,14.67,78.34,0.78,0.76,0.71,46.68,0
223.0,5.36,44.49,49.52,0.992,2.04,1,85.45,21.12,74.22,1.2,1.19,0.98,33.45,0
241.95,8.11,45.73,49.92,0.963,1.12,3,88.55,5.54,100.04,1.96,1.89,1.83,112.03,1
214.77,3.62,47.02,49.9,0.935,1.57,7,84.16,16.51,86.03,0.78,0.73,0.7,89.83,0
224.41,1.2,44.07,50.29,0.937,2.34,9,91.72,9.47,87.88,0.27,0.25,0.3,106.85,0
233.77,4.57,46.72,50.14,0.957,2.08,8,80.17,14.92,96.65,1.07,1.02,0.99,29.26,0
245.66,6.65,57.62,49.65,0.911,2.59,8,93.09,17.29,90.87,1.63,1.49,1.37,141.49,0
229.34,7.94,52.88,50.05,0.946,2.2,9,90.08,25.07,83.73,1.82,1.72,1.63,100.32,0
224.45,3.16,51.95,50.2,0.983,1.52,3,99.51,14.87,92.44,0.71,0.7,0.67,88.46,0
248.81,5.75,41.36,50.46,0.884,1.6,8,88.98,22.33,78.77,1.43,1.26,1.43,94.45,0
215.52,4.3,37.89,50.27,0.996,2.05,1,88.98,10.8,69.49,0.93,0.92,0.77,93.42,0
208.01,4.84,52.64,50.23,0.984,0.84,8,93.41,12.52,99.12,1.01,0.99,0.92,108.67,1
234.4,8.97,52.01,50.02,0.936,2.84,7,89.27,17.94,79.61,2.1,1.97,2.33,132.01,1
224.98,2.75,56.78,50.12,0.966,2.22,8,91.37,16.01,81.96,0.62,0.6,0.51,115.92,0
219.79,5.38,40.17,50.37,0.95,2.61,1,94.97,13.36,82.84,1.18,1.12,1.23,62.63,0
237.08,5.7,43.16,49.6,0.987,1.21,6,88.66,13.22,78.98,1.35,1.33,1.26,46.85,0
232.44,6.63,31.88,49.9,0.979,2.62,7,95.98,21.67,96.01,1.54,1.51,1.56,98.97,0
224.36,5.15,41.86,49.77,0.908,3.12,5,81.6,13.56,88.74,1.15,1.05,0.88,35.15,0
217.2,5.46,52.97,50.11,0.968,1.34,5,98.02,9.9,81.96,1.19,1.15,1.06,86.16,0
238.72,4.41,41.27,50.37,0.944,2.39,7,81.06,10.73,72.24,1.05,0.99,0.99,57.69,0
236.5,5.4,50.12,49.82,0.952,2.0,3,96.76,18.35,88.04,1.28,1.22,1.09,51.99,0
229.01,4.49,43.48,49.28,0.928,1.23,6,80.67,26.28,60.49,1.03,0.95,0.97,21.1,0
248.47,5.93,47.59,49.88,1.0,2.25,7,99.9,12.38,87.33,1.47,1.47,1.31,93.08,0
219.3,4.45,35.82,50.27,0.981,2.42,1,90.8,25.74,98.43,0.97,0.96,1.01,86.25,0
214.74,5.57,45.68,50.16,0.928,1.7,2,85.28,14.95,85.65,1.2,1.11,1.29,66.26,0
223.08,4.96,21.07,50.13,0.91,2.58,4,99.33,13.6,97.06,1.11,1.01,0.84,123.74,0
229.54,6.69,43.5,49.92,0.938,1.17,8,84.56,10.45,72.71,1.54,1.44,1.28,45.28,0
232.43,4.92,31.96,49.62,0.963,1.25,6,88.86,14.01,105.39,1.14,1.1,1.25,64.17,0
227.59,2.34,54.65,50.15,0.957,2.07,1,100.0,11.22,95.97,0.53,0.51,0.54,107.34,0
233.52,6.89,51.22,49.75,0.988,2.01,5,91.98,10.82,89.76,1.61,1.59,1.32,79.71,0
217.48,3.64,48.73,50.66,0.974,1.64,7,79.87,6.74,79.02,0.79,0.77,0.77,87.46,0
244.44,4.02,57.17,50.17,0.979,2.4,6,88.63,23.83,77.35,0.98,0.96,0.85,120.62,0
229.18,4.11,37.41,49.83,0.96,2.27,9,88.19,20.32,84.29,0.94,0.9,0.79,54.22,0
241.17,7.06,58.98,49.82,0.908,2.43,8,90.94,16.36,97.03,1.7,1.55,1.82,141.3,0
233.43,1.8,52.46,49.97,0.944,1.94,4,89.78,14.28,71.84,0.42,0.4,0.44,113.69,0
234.57,9.71,43.11,49.93,0.982,2.3,5,92.73,14.97,85.1,2.28,2.24,2.41,127.7,1
235.7,6.58,54.08,50.34,0.948,1.78,7,82.36,11.12,92.34,1.55,1.47,1.32,92.05,0
234.48,5.33,36.15,50.06,0.965,3.03,8,87.26,9.33,94.29,1.25,1.21,1.02,59.24,0
236.43,4.92,38.4,49.78,0.94,1.59,5,91.56,18.59,92.31,1.16,1.09,1.26,50.74,0
243.29,5.43,40.13,50.57,0.919,3.05,9,86.19,13.69,70.82,1.32,1.21,0.97,74.11,0
231.97,5.78,40.77,50.01,0.946,2.02,4,95.48,16.63,96.32,1.34,1.27,1.21,41.55,0
237.09,5.97,36.55,50.23,0.959,1.31,4,86.29,6.69,85.67,1.41,1.36,1.24,80.36,0
229.1,5.83,54.78,49.82,0.93,2.68,8,90.72,13.42,74.14,1.34,1.24,1.28,62.28,0
244.4,5.13,42.93,50.11,0.943,2.06,1,89.48,9.23,84.76,1.25,1.18,1.07,59.62,0
223.24,4.7,47.82,50.09,0.922,2.43,8,84.93,17.42,65.41,1.05,0.97,0.89,40.87,0
248.01,4.77,40.44,49.43,0.984,2.61,5,90.3,19.98,90.78,1.18,1.16,1.33,84.09,0
229.6,4.71,30.44,50.6,0.941,2.17,1,83.44,22.3,83.72,1.08,1.02,1.06,68.52,0
215.69,6.7,47.16,50.39,0.994,1.7,4,87.78,11.86,72.3,1.45,1.44,1.23,94.49,0
231.28,5.89,29.7,49.88,0.996,2.49,2,90.15,9.36,82.1,1.36,1.36,1.48,87.8,0
223.19,0.59,44.45,49.67,0.948,2.0,4,82.86,12.91,77.93,0.13,0.12,0.11,123.0,0
238.41,5.98,34.05,50.1,0.92,2.34,8,93.12,11.5,78.56,1.43,1.31,1.28,95.5,0
223.47,5.29,60.9,50.03,0.887,0.92,5,91.3,17.16,62.39,1.18,1.05,1.11,94.49,1
225.54,4.97,52.29,50.11,0.906,2.22,1,92.66,7.99,68.28,1.12,1.02,0.92,45.88,0
211.1,4.42,45.85,50.06,0.909,1.68,7,90.01,6.23,82.7,0.93,0.85,0.81,79.46,0
225.48,6.69,55.11,50.15,0.991,2.83,1,84.25,13.27,80.98,1.51,1.49,1.63,94.67,0
205.76,6.42,38.23,50.43,0.953,2.31,9,90.0,18.63,94.74,1.32,1.26,1.48,140.59,1
214.16,3.84,49.35,50.17,0.962,2.12,3,93.12,9.86,78.68,0.82,0.79,0.8,96.68,0
237.6,5.61,46.6,49.69,0.883,2.24,3,84.05,19.25,79.73,1.33,1.18,0.95,45.58,0
237.86,3.54,47.11,50.41,0.914,1.5,6,84.45,16.83,80.2,0.84,0.77,0.72,67.38,0
234.25,2.93,55.18,50.49,0.977,2.81,6,88.77,22.73,83.03,0.69,0.67,0.64,102.58,0
220.33,4.06,50.86,50.95,0.959,3.0,6,88.14,10.99,85.91,0.89,0.86,0.8,77.54,0
229.52,6.29,47.31,49.66,0.946,2.2,1,89.92,6.97,80.94,1.44,1.37,1.33,39.96,0
229.96,6.43,31.76,50.07,0.967,2.8,5,88.54,17.99,90.71,1.48,1.43,1.51,87.05,0
218.42,5.77,37.32,49.38,0.999,1.72,6,90.8,16.4,108.0,1.26,1.26,1.07,87.72,0
245.03,6.09,44.02,50.17,0.943,1.6,8,96.11,16.01,76.75,1.49,1.41,1.28,78.37,0
238.77,5.77,45.75,49.84,0.952,2.02,1,92.69,9.76,88.92,1.38,1.31,1.32,49.56,0
227.79,4.04,35.96,50.58,0.956,2.22,5,90.28,18.88,85.3,0.92,0.88,0.81,66.42,0
230.27,5.65,64.29,49.77,1.0,1.8,3,84.47,11.83,95.47,1.3,1.3,1.56,95.68,1
232.08,6.2,57.13,49.49,0.887,2.27,2,86.39,16.01,87.03,1.44,1.28,1.24,84.17,0
209.58,6.13,49.82,49.86,0.97,2.15,8,94.21,12.7,77.74,1.29,1.25,1.43,113.27,1
227.53,6.78,45.58,49.41,0.947,1.5,7,87.66,16.77,73.35,1.54,1.46,1.69,50.27,0
223.18,6.06,43.3,50.23,0.967,2.26,7,85.16,9.02,91.1,1.35,1.31,1.48,53.42,0
219.98,5.53,37.38,49.38,0.93,2.43,5,100.0,17.5,74.16,1.22,1.13,0.93,76.83,0
227.19,6.61,45.62,50.01,0.949,2.09,9,97.62,18.29,96.84,1.5,1.42,1.68,47.62,0
247.98,4.96,47.06,49.38,0.971,2.58,5,89.38,15.58,90.53,1.23,1.19,1.02,69.4,0
236.41,3.68,35.07,49.9,1.0,1.39,2,84.59,23.22,85.87,0.87,0.87,0.71,92.15,0
224.29,4.76,47.67,50.49,0.974,2.23,3,93.62,16.04,71.88,1.07,1.04,1.0,35.61,0
235.73,3.88,43.76,50.11,0.925,1.41,4,87.55,19.59,91.75,0.92,0.85,0.74,49.09,0
